WCAG,Title,Principle,Severity,Message,Component,Selector,Page,Fix
"1.1.1","Images must have alternate text (https://dequeuniversity.com/rules/axe/4.2/image-alt?application=axeAPI)","Perceivable","C","Images must have alternate text (https://dequeuniversity.com/rules/axe/4.2/image-alt?application=axeAPI)","Page Content","html > body > img","www.ozthecarpenter.co.uk/.netlify/images?url=/Alcove-shelves/20180910_163209.jpg&w=1600&q=82","Add meaningful alt text or aria-label"
"1.1.1","Images must have alternate text (https://dequeuniversity.com/rules/axe/4.2/image-alt?application=axeAPI)","Perceivable","C","Images must have alternate text (https://dequeuniversity.com/rules/axe/4.2/image-alt?application=axeAPI)","Page Content","html > body > img","www.ozthecarpenter.co.uk/.netlify/images?url=/Alcove-shelves/20180910_163229.jpg&w=1600&q=82","Add meaningful alt text or aria-label"
"1.1.1","Images must have alternate text (https://dequeuniversity.com/rules/axe/4.2/image-alt?application=axeAPI)","Perceivable","C","Images must have alternate text (https://dequeuniversity.com/rules/axe/4.2/image-alt?application=axeAPI)","Page Content","html > body > img","www.ozthecarpenter.co.uk/.netlify/images?url=/Alcove-shelves/20180910_163300.jpg&w=1600&q=82","Add meaningful alt text or aria-label"
"1.1.1","Images must have alternate text (https://dequeuniversity.com/rules/axe/4.2/image-alt?application=axeAPI)","Perceivable","C","Images must have alternate text (https://dequeuniversity.com/rules/axe/4.2/image-alt?application=axeAPI)","Page Content","html > body > img","www.ozthecarpenter.co.uk/.netlify/images?url=/Alcove-shelves/20190829_165245.jpg&w=1600&q=82","Add meaningful alt text or aria-label"
"1.1.1","Images must have alternate text (https://dequeuniversity.com/rules/axe/4.2/image-alt?application=axeAPI)","Perceivable","C","Images must have alternate text (https://dequeuniversity.com/rules/axe/4.2/image-alt?application=axeAPI)","Page Content","html > body > img","www.ozthecarpenter.co.uk/.netlify/images?url=/Alcove-shelves/20190829_165309.jpg&w=1600&q=82","Add meaningful alt text or aria-label"
"1.1.1","Images must have alternate text (https://dequeuniversity.com/rules/axe/4.2/image-alt?application=axeAPI)","Perceivable","C","Images must have alternate text (https://dequeuniversity.com/rules/axe/4.2/image-alt?application=axeAPI)","Page Content","html > body > img","www.ozthecarpenter.co.uk/.netlify/images?url=/Alcove-shelves/20190829_165339.jpg&w=1600&q=82","Add meaningful alt text or aria-label"
"1.1.1","Images must have alternate text (https://dequeuniversity.com/rules/axe/4.2/image-alt?application=axeAPI)","Perceivable","C","Images must have alternate text (https://dequeuniversity.com/rules/axe/4.2/image-alt?application=axeAPI)","Page Content","html > body > img","www.ozthecarpenter.co.uk/.netlify/images?url=/Alcove-shelves/20190902_170424.jpg&w=1600&q=82","Add meaningful alt text or aria-label"
"1.1.1","Images must have alternate text (https://dequeuniversity.com/rules/axe/4.2/image-alt?application=axeAPI)","Perceivable","C","Images must have alternate text (https://dequeuniversity.com/rules/axe/4.2/image-alt?application=axeAPI)","Page Content","html > body > img","www.ozthecarpenter.co.uk/.netlify/images?url=/Alcove-shelves/20200109_123436.jpg&w=1600&q=82","Add meaningful alt text or aria-label"
"1.1.1","Images must have alternate text (https://dequeuniversity.com/rules/axe/4.2/image-alt?application=axeAPI)","Perceivable","C","Images must have alternate text (https://dequeuniversity.com/rules/axe/4.2/image-alt?application=axeAPI)","Page Content","html > body > img","www.ozthecarpenter.co.uk/.netlify/images?url=/Alcove-shelves/20200109_123451.jpg&w=1600&q=82","Add meaningful alt text or aria-label"
"1.1.1","Images must have alternate text (https://dequeuniversity.com/rules/axe/4.2/image-alt?application=axeAPI)","Perceivable","C","Images must have alternate text (https://dequeuniversity.com/rules/axe/4.2/image-alt?application=axeAPI)","Page Content","html > body > img","www.ozthecarpenter.co.uk/.netlify/images?url=/Alcove-shelves/20200122_154359.jpg&w=1600&q=82","Add meaningful alt text or aria-label"
"1.1.1","Images must have alternate text (https://dequeuniversity.com/rules/axe/4.2/image-alt?application=axeAPI)","Perceivable","C","Images must have alternate text (https://dequeuniversity.com/rules/axe/4.2/image-alt?application=axeAPI)","Page Content","html > body > img","www.ozthecarpenter.co.uk/.netlify/images?url=/Alcove-shelves/20200317_191041.jpg&w=1600&q=82","Add meaningful alt text or aria-label"
"1.1.1","Images must have alternate text (https://dequeuniversity.com/rules/axe/4.2/image-alt?application=axeAPI)","Perceivable","C","Images must have alternate text (https://dequeuniversity.com/rules/axe/4.2/image-alt?application=axeAPI)","Page Content","html > body > img","www.ozthecarpenter.co.uk/.netlify/images?url=/Alcove-shelves/20200317_191050.jpg&w=1600&q=82","Add meaningful alt text or aria-label"
"1.1.1","Images must have alternate text (https://dequeuniversity.com/rules/axe/4.2/image-alt?application=axeAPI)","Perceivable","C","Images must have alternate text (https://dequeuniversity.com/rules/axe/4.2/image-alt?application=axeAPI)","Page Content","html > body > img","www.ozthecarpenter.co.uk/.netlify/images?url=/Alcove-shelves/IMG_20200707_154421.jpg&w=1600&q=82","Add meaningful alt text or aria-label"
"1.1.1","Images must have alternate text (https://dequeuniversity.com/rules/axe/4.2/image-alt?application=axeAPI)","Perceivable","C","Images must have alternate text (https://dequeuniversity.com/rules/axe/4.2/image-alt?application=axeAPI)","Page Content","html > body > img","www.ozthecarpenter.co.uk/.netlify/images?url=/Alcove-shelves/PXL_20210303_111229934.jpg&w=1600&q=82","Add meaningful alt text or aria-label"
"1.1.1","Images must have alternate text (https://dequeuniversity.com/rules/axe/4.2/image-alt?application=axeAPI)","Perceivable","C","Images must have alternate text (https://dequeuniversity.com/rules/axe/4.2/image-alt?application=axeAPI)","Page Content","html > body > img","www.ozthecarpenter.co.uk/.netlify/images?url=/Alcove-shelves/PXL_20210604_145317822.jpg&w=1600&q=82","Add meaningful alt text or aria-label"
"1.1.1","Images must have alternate text (https://dequeuniversity.com/rules/axe/4.2/image-alt?application=axeAPI)","Perceivable","C","Images must have alternate text (https://dequeuniversity.com/rules/axe/4.2/image-alt?application=axeAPI)","Page Content","html > body > img","www.ozthecarpenter.co.uk/.netlify/images?url=/Alcove-shelves/PXL_20211207_155657978.MP.jpg&w=1600&q=82","Add meaningful alt text or aria-label"
"1.1.1","Images must have alternate text (https://dequeuniversity.com/rules/axe/4.2/image-alt?application=axeAPI)","Perceivable","C","Images must have alternate text (https://dequeuniversity.com/rules/axe/4.2/image-alt?application=axeAPI)","Page Content","html > body > img","www.ozthecarpenter.co.uk/.netlify/images?url=/Alcove-shelves/PXL_20211221_165739843.MP.jpg&w=1600&q=82","Add meaningful alt text or aria-label"
"1.1.1","Images must have alternate text (https://dequeuniversity.com/rules/axe/4.2/image-alt?application=axeAPI)","Perceivable","C","Images must have alternate text (https://dequeuniversity.com/rules/axe/4.2/image-alt?application=axeAPI)","Page Content","html > body > img","www.ozthecarpenter.co.uk/.netlify/images?url=/Alcove-shelves/PXL_20231213_125702354.MP.jpg&w=1600&q=82","Add meaningful alt text or aria-label"
"1.1.1","Images must have alternate text (https://dequeuniversity.com/rules/axe/4.2/image-alt?application=axeAPI)","Perceivable","C","Images must have alternate text (https://dequeuniversity.com/rules/axe/4.2/image-alt?application=axeAPI)","Page Content","html > body > img","www.ozthecarpenter.co.uk/.netlify/images?url=/Alcove-shelves/PXL_20231220_163422013.MP.jpg&w=1600&q=82","Add meaningful alt text or aria-label"
"1.1.1","Images must have alternate text (https://dequeuniversity.com/rules/axe/4.2/image-alt?application=axeAPI)","Perceivable","C","Images must have alternate text (https://dequeuniversity.com/rules/axe/4.2/image-alt?application=axeAPI)","Page Content","html > body > img","www.ozthecarpenter.co.uk/.netlify/images?url=/Small-cupboards-meter%20cupboards/20190708_173904.jpg&w=1600&q=82","Add meaningful alt text or aria-label"
"1.1.1","Images must have alternate text (https://dequeuniversity.com/rules/axe/4.2/image-alt?application=axeAPI)","Perceivable","C","Images must have alternate text (https://dequeuniversity.com/rules/axe/4.2/image-alt?application=axeAPI)","Page Content","html > body > img","www.ozthecarpenter.co.uk/.netlify/images?url=/Small-cupboards-meter%20cupboards/20190708_174001.jpg&w=1600&q=82","Add meaningful alt text or aria-label"
"1.1.1","Images must have alternate text (https://dequeuniversity.com/rules/axe/4.2/image-alt?application=axeAPI)","Perceivable","C","Images must have alternate text (https://dequeuniversity.com/rules/axe/4.2/image-alt?application=axeAPI)","Page Content","html > body > img","www.ozthecarpenter.co.uk/.netlify/images?url=/Small-cupboards-meter%20cupboards/20190810_203518.jpg&w=1600&q=82","Add meaningful alt text or aria-label"
"1.1.1","Images must have alternate text (https://dequeuniversity.com/rules/axe/4.2/image-alt?application=axeAPI)","Perceivable","C","Images must have alternate text (https://dequeuniversity.com/rules/axe/4.2/image-alt?application=axeAPI)","Page Content","html > body > img","www.ozthecarpenter.co.uk/.netlify/images?url=/Small-cupboards-meter%20cupboards/20190910_093621.jpg&w=1600&q=82","Add meaningful alt text or aria-label"
"1.1.1","Images must have alternate text (https://dequeuniversity.com/rules/axe/4.2/image-alt?application=axeAPI)","Perceivable","C","Images must have alternate text (https://dequeuniversity.com/rules/axe/4.2/image-alt?application=axeAPI)","Page Content","html > body > img","www.ozthecarpenter.co.uk/.netlify/images?url=/Small-cupboards-meter%20cupboards/20191010_164441.jpg&w=1600&q=82","Add meaningful alt text or aria-label"
"1.1.1","Images must have alternate text (https://dequeuniversity.com/rules/axe/4.2/image-alt?application=axeAPI)","Perceivable","C","Images must have alternate text (https://dequeuniversity.com/rules/axe/4.2/image-alt?application=axeAPI)","Page Content","html > body > img","www.ozthecarpenter.co.uk/.netlify/images?url=/Small-cupboards-meter%20cupboards/IMG_20200723_123007.jpg&w=1600&q=82","Add meaningful alt text or aria-label"
"1.1.1","Images must have alternate text (https://dequeuniversity.com/rules/axe/4.2/image-alt?application=axeAPI)","Perceivable","C","Images must have alternate text (https://dequeuniversity.com/rules/axe/4.2/image-alt?application=axeAPI)","Page Content","html > body > img","www.ozthecarpenter.co.uk/.netlify/images?url=/Small-cupboards-meter%20cupboards/PXL_20210610_124703125.jpg&w=1600&q=82","Add meaningful alt text or aria-label"
"1.1.1","Images must have alternate text (https://dequeuniversity.com/rules/axe/4.2/image-alt?application=axeAPI)","Perceivable","C","Images must have alternate text (https://dequeuniversity.com/rules/axe/4.2/image-alt?application=axeAPI)","Page Content","html > body > img","www.ozthecarpenter.co.uk/.netlify/images?url=/Small-cupboards-meter%20cupboards/PXL_20220221_153457387._exported_1932_1646478233959.jpg&w=1600&q=82","Add meaningful alt text or aria-label"
"1.1.1","Images must have alternate text (https://dequeuniversity.com/rules/axe/4.2/image-alt?application=axeAPI)","Perceivable","C","Images must have alternate text (https://dequeuniversity.com/rules/axe/4.2/image-alt?application=axeAPI)","Page Content","html > body > img","www.ozthecarpenter.co.uk/.netlify/images?url=/Bench-cupboards/20190715_124439.jpg&w=1600&q=82","Add meaningful alt text or aria-label"
"1.1.1","Images must have alternate text (https://dequeuniversity.com/rules/axe/4.2/image-alt?application=axeAPI)","Perceivable","C","Images must have alternate text (https://dequeuniversity.com/rules/axe/4.2/image-alt?application=axeAPI)","Page Content","html > body > img","www.ozthecarpenter.co.uk/.netlify/images?url=/Bench-cupboards/20190725_124526.jpg&w=1600&q=82","Add meaningful alt text or aria-label"
"1.1.1","Images must have alternate text (https://dequeuniversity.com/rules/axe/4.2/image-alt?application=axeAPI)","Perceivable","C","Images must have alternate text (https://dequeuniversity.com/rules/axe/4.2/image-alt?application=axeAPI)","Page Content","html > body > img","www.ozthecarpenter.co.uk/.netlify/images?url=/Bench-cupboards/PXL_20211215_112948183.MP.jpg&w=1600&q=82","Add meaningful alt text or aria-label"
"1.1.1","Images must have alternate text (https://dequeuniversity.com/rules/axe/4.2/image-alt?application=axeAPI)","Perceivable","C","Images must have alternate text (https://dequeuniversity.com/rules/axe/4.2/image-alt?application=axeAPI)","Page Content","html > body > img","www.ozthecarpenter.co.uk/.netlify/images?url=/Bench-cupboards/PXL_20250806_154417761.MP.jpg&w=1600&q=82","Add meaningful alt text or aria-label"
"1.1.1","Images must have alternate text (https://dequeuniversity.com/rules/axe/4.2/image-alt?application=axeAPI)","Perceivable","C","Images must have alternate text (https://dequeuniversity.com/rules/axe/4.2/image-alt?application=axeAPI)","Page Content","html > body > img","www.ozthecarpenter.co.uk/.netlify/images?url=/Bench-cupboards/PXL_20250806_183355667.MP.jpg&w=1600&q=82","Add meaningful alt text or aria-label"
"1.1.1","Images must have alternate text (https://dequeuniversity.com/rules/axe/4.2/image-alt?application=axeAPI)","Perceivable","C","Images must have alternate text (https://dequeuniversity.com/rules/axe/4.2/image-alt?application=axeAPI)","Page Content","html > body > img","www.ozthecarpenter.co.uk/.netlify/images?url=/Bench-cupboards/PXL_20250923_153723261.MP.jpg&w=1600&q=82","Add meaningful alt text or aria-label"
"1.1.1","Images must have alternate text (https://dequeuniversity.com/rules/axe/4.2/image-alt?application=axeAPI)","Perceivable","C","Images must have alternate text (https://dequeuniversity.com/rules/axe/4.2/image-alt?application=axeAPI)","Page Content","html > body > img","www.ozthecarpenter.co.uk/.netlify/images?url=/Bench-cupboards/PXL_20251120_123528286.MP.jpg&w=1600&q=82","Add meaningful alt text or aria-label"
"1.1.1","Images must have alternate text (https://dequeuniversity.com/rules/axe/4.2/image-alt?application=axeAPI)","Perceivable","C","Images must have alternate text (https://dequeuniversity.com/rules/axe/4.2/image-alt?application=axeAPI)","Page Content","html > body > img","www.ozthecarpenter.co.uk/.netlify/images?url=/Bench-cupboards/PXL_20251120_123540684.MP.jpg&w=1600&q=82","Add meaningful alt text or aria-label"
"1.1.1","Images must have alternate text (https://dequeuniversity.com/rules/axe/4.2/image-alt?application=axeAPI)","Perceivable","C","Images must have alternate text (https://dequeuniversity.com/rules/axe/4.2/image-alt?application=axeAPI)","Page Content","html > body > img","www.ozthecarpenter.co.uk/.netlify/images?url=/Oz-shelves/20190617_142941.jpg&w=1600&q=82","Add meaningful alt text or aria-label"
"1.1.1","Images must have alternate text (https://dequeuniversity.com/rules/axe/4.2/image-alt?application=axeAPI)","Perceivable","C","Images must have alternate text (https://dequeuniversity.com/rules/axe/4.2/image-alt?application=axeAPI)","Page Content","html > body > img","www.ozthecarpenter.co.uk/.netlify/images?url=/Oz-shelves/20190617_143004.jpg&w=1600&q=82","Add meaningful alt text or aria-label"
"1.1.1","Images must have alternate text (https://dequeuniversity.com/rules/axe/4.2/image-alt?application=axeAPI)","Perceivable","C","Images must have alternate text (https://dequeuniversity.com/rules/axe/4.2/image-alt?application=axeAPI)","Page Content","html > body > img","www.ozthecarpenter.co.uk/.netlify/images?url=/Oz-shelves/20191212_152225.jpg&w=1600&q=82","Add meaningful alt text or aria-label"
"1.1.1","Images must have alternate text (https://dequeuniversity.com/rules/axe/4.2/image-alt?application=axeAPI)","Perceivable","C","Images must have alternate text (https://dequeuniversity.com/rules/axe/4.2/image-alt?application=axeAPI)","Page Content","html > body > img","www.ozthecarpenter.co.uk/.netlify/images?url=/Oz-shelves/20191212_152255.jpg&w=1600&q=82","Add meaningful alt text or aria-label"
"1.1.1","Images must have alternate text (https://dequeuniversity.com/rules/axe/4.2/image-alt?application=axeAPI)","Perceivable","C","Images must have alternate text (https://dequeuniversity.com/rules/axe/4.2/image-alt?application=axeAPI)","Page Content","html > body > img","www.ozthecarpenter.co.uk/.netlify/images?url=/Oz-shelves/PXL_20210125_152118067.jpg&w=1600&q=82","Add meaningful alt text or aria-label"
"1.1.1","Images must have alternate text (https://dequeuniversity.com/rules/axe/4.2/image-alt?application=axeAPI)","Perceivable","C","Images must have alternate text (https://dequeuniversity.com/rules/axe/4.2/image-alt?application=axeAPI)","Page Content","html > body > img","www.ozthecarpenter.co.uk/.netlify/images?url=/Oz-shelves/PXL_20210401_132201168.jpg&w=1600&q=82","Add meaningful alt text or aria-label"
"1.1.1","Images must have alternate text (https://dequeuniversity.com/rules/axe/4.2/image-alt?application=axeAPI)","Perceivable","C","Images must have alternate text (https://dequeuniversity.com/rules/axe/4.2/image-alt?application=axeAPI)","Page Content","html > body > img","www.ozthecarpenter.co.uk/.netlify/images?url=/Oz-shelves/PXL_20210416_133624921.MP.jpg&w=1600&q=82","Add meaningful alt text or aria-label"
"1.1.1","Images must have alternate text (https://dequeuniversity.com/rules/axe/4.2/image-alt?application=axeAPI)","Perceivable","C","Images must have alternate text (https://dequeuniversity.com/rules/axe/4.2/image-alt?application=axeAPI)","Page Content","html > body > img","www.ozthecarpenter.co.uk/.netlify/images?url=/Oz-shelves/PXL_20210416_133639621.jpg&w=1600&q=82","Add meaningful alt text or aria-label"
"1.1.1","Images must have alternate text (https://dequeuniversity.com/rules/axe/4.2/image-alt?application=axeAPI)","Perceivable","C","Images must have alternate text (https://dequeuniversity.com/rules/axe/4.2/image-alt?application=axeAPI)","Page Content","html > body > img","www.ozthecarpenter.co.uk/.netlify/images?url=/Oz-shelves/PXL_20210416_140442650.jpg&w=1600&q=82","Add meaningful alt text or aria-label"
"1.1.1","Images must have alternate text (https://dequeuniversity.com/rules/axe/4.2/image-alt?application=axeAPI)","Perceivable","C","Images must have alternate text (https://dequeuniversity.com/rules/axe/4.2/image-alt?application=axeAPI)","Page Content","html > body > img","www.ozthecarpenter.co.uk/.netlify/images?url=/Oz-shelves/PXL_20210430_121048072.jpg&w=1600&q=82","Add meaningful alt text or aria-label"
"1.1.1","Images must have alternate text (https://dequeuniversity.com/rules/axe/4.2/image-alt?application=axeAPI)","Perceivable","C","Images must have alternate text (https://dequeuniversity.com/rules/axe/4.2/image-alt?application=axeAPI)","Page Content","html > body > img","www.ozthecarpenter.co.uk/.netlify/images?url=/Oz-shelves/PXL_20210430_121416452.jpg&w=1600&q=82","Add meaningful alt text or aria-label"
"1.1.1","Images must have alternate text (https://dequeuniversity.com/rules/axe/4.2/image-alt?application=axeAPI)","Perceivable","C","Images must have alternate text (https://dequeuniversity.com/rules/axe/4.2/image-alt?application=axeAPI)","Page Content","html > body > img","www.ozthecarpenter.co.uk/.netlify/images?url=/Oz-shelves/PXL_20220127_162133546._exported_2410_1644972552069.jpg&w=1600&q=82","Add meaningful alt text or aria-label"
"1.1.1","Images must have alternate text (https://dequeuniversity.com/rules/axe/4.2/image-alt?application=axeAPI)","Perceivable","C","Images must have alternate text (https://dequeuniversity.com/rules/axe/4.2/image-alt?application=axeAPI)","Page Content","html > body > img","www.ozthecarpenter.co.uk/.netlify/images?url=/Oz-shelves/PXL_20220127_162155602.MP.jpg&w=1600&q=82","Add meaningful alt text or aria-label"
"1.1.1","Images must have alternate text (https://dequeuniversity.com/rules/axe/4.2/image-alt?application=axeAPI)","Perceivable","C","Images must have alternate text (https://dequeuniversity.com/rules/axe/4.2/image-alt?application=axeAPI)","Page Content","html > body > img","www.ozthecarpenter.co.uk/.netlify/images?url=/Oz-shelves/PXL_20220530_192129865.MP.jpg&w=1600&q=82","Add meaningful alt text or aria-label"
"1.1.1","Images must have alternate text (https://dequeuniversity.com/rules/axe/4.2/image-alt?application=axeAPI)","Perceivable","C","Images must have alternate text (https://dequeuniversity.com/rules/axe/4.2/image-alt?application=axeAPI)","Page Content","html > body > img","www.ozthecarpenter.co.uk/.netlify/images?url=/Oz-shelves/PXL_20220530_192139104.MP.jpg&w=1600&q=82","Add meaningful alt text or aria-label"
"1.1.1","Images must have alternate text (https://dequeuniversity.com/rules/axe/4.2/image-alt?application=axeAPI)","Perceivable","C","Images must have alternate text (https://dequeuniversity.com/rules/axe/4.2/image-alt?application=axeAPI)","Page Content","html > body > img","www.ozthecarpenter.co.uk/.netlify/images?url=/Oz-shelves/PXL_20220530_192153039.MP.jpg&w=1600&q=82","Add meaningful alt text or aria-label"
"1.1.1","Images must have alternate text (https://dequeuniversity.com/rules/axe/4.2/image-alt?application=axeAPI)","Perceivable","C","Images must have alternate text (https://dequeuniversity.com/rules/axe/4.2/image-alt?application=axeAPI)","Page Content","html > body > img","www.ozthecarpenter.co.uk/.netlify/images?url=/Oz-shelves/PXL_20220722_140146494.MP.jpg&w=1600&q=82","Add meaningful alt text or aria-label"
"1.1.1","Images must have alternate text (https://dequeuniversity.com/rules/axe/4.2/image-alt?application=axeAPI)","Perceivable","C","Images must have alternate text (https://dequeuniversity.com/rules/axe/4.2/image-alt?application=axeAPI)","Page Content","html > body > img","www.ozthecarpenter.co.uk/.netlify/images?url=/Oz-shelves/PXL_20220722_140245763.MP.jpg&w=1600&q=82","Add meaningful alt text or aria-label"
"1.1.1","Images must have alternate text (https://dequeuniversity.com/rules/axe/4.2/image-alt?application=axeAPI)","Perceivable","C","Images must have alternate text (https://dequeuniversity.com/rules/axe/4.2/image-alt?application=axeAPI)","Page Content","html > body > img","www.ozthecarpenter.co.uk/.netlify/images?url=/Oz-shelves/PXL_20220908_125629520.MP.jpg&w=1600&q=82","Add meaningful alt text or aria-label"
"1.1.1","Images must have alternate text (https://dequeuniversity.com/rules/axe/4.2/image-alt?application=axeAPI)","Perceivable","C","Images must have alternate text (https://dequeuniversity.com/rules/axe/4.2/image-alt?application=axeAPI)","Page Content","html > body > img","www.ozthecarpenter.co.uk/.netlify/images?url=/Oz-shelves/PXL_20241218_143721913.MP.jpg&w=1600&q=82","Add meaningful alt text or aria-label"
"1.1.1","Images must have alternate text (https://dequeuniversity.com/rules/axe/4.2/image-alt?application=axeAPI)","Perceivable","C","Images must have alternate text (https://dequeuniversity.com/rules/axe/4.2/image-alt?application=axeAPI)","Page Content","html > body > img","www.ozthecarpenter.co.uk/.netlify/images?url=/Shelves%20in%20cupboards/20190828_114119.jpg&w=1600&q=82","Add meaningful alt text or aria-label"
"1.1.1","Images must have alternate text (https://dequeuniversity.com/rules/axe/4.2/image-alt?application=axeAPI)","Perceivable","C","Images must have alternate text (https://dequeuniversity.com/rules/axe/4.2/image-alt?application=axeAPI)","Page Content","html > body > img","www.ozthecarpenter.co.uk/.netlify/images?url=/Shelves%20in%20cupboards/20200225_150524.jpg&w=1600&q=82","Add meaningful alt text or aria-label"
"1.1.1","Images must have alternate text (https://dequeuniversity.com/rules/axe/4.2/image-alt?application=axeAPI)","Perceivable","C","Images must have alternate text (https://dequeuniversity.com/rules/axe/4.2/image-alt?application=axeAPI)","Page Content","html > body > img","www.ozthecarpenter.co.uk/.netlify/images?url=/Shelves%20in%20cupboards/IMG_20200522_095357.jpg&w=1600&q=82","Add meaningful alt text or aria-label"
"1.1.1","Images must have alternate text (https://dequeuniversity.com/rules/axe/4.2/image-alt?application=axeAPI)","Perceivable","C","Images must have alternate text (https://dequeuniversity.com/rules/axe/4.2/image-alt?application=axeAPI)","Page Content","html > body > img","www.ozthecarpenter.co.uk/.netlify/images?url=/Shelves%20in%20cupboards/IMG_20200522_095414.jpg&w=1600&q=82","Add meaningful alt text or aria-label"
"1.1.1","Images must have alternate text (https://dequeuniversity.com/rules/axe/4.2/image-alt?application=axeAPI)","Perceivable","C","Images must have alternate text (https://dequeuniversity.com/rules/axe/4.2/image-alt?application=axeAPI)","Page Content","html > body > img","www.ozthecarpenter.co.uk/.netlify/images?url=/Shelves%20in%20cupboards/IMG_20200723_123349.jpg&w=1600&q=82","Add meaningful alt text or aria-label"
"1.1.1","Images must have alternate text (https://dequeuniversity.com/rules/axe/4.2/image-alt?application=axeAPI)","Perceivable","C","Images must have alternate text (https://dequeuniversity.com/rules/axe/4.2/image-alt?application=axeAPI)","Page Content","html > body > img","www.ozthecarpenter.co.uk/.netlify/images?url=/Shelves%20in%20cupboards/PXL_20210318_132959807.jpg&w=1600&q=82","Add meaningful alt text or aria-label"
"1.1.1","Images must have alternate text (https://dequeuniversity.com/rules/axe/4.2/image-alt?application=axeAPI)","Perceivable","C","Images must have alternate text (https://dequeuniversity.com/rules/axe/4.2/image-alt?application=axeAPI)","Page Content","html > body > img","www.ozthecarpenter.co.uk/.netlify/images?url=/Shelves%20in%20cupboards/PXL_20210803_130208353.MP.jpg&w=1600&q=82","Add meaningful alt text or aria-label"
"1.1.1","Images must have alternate text (https://dequeuniversity.com/rules/axe/4.2/image-alt?application=axeAPI)","Perceivable","C","Images must have alternate text (https://dequeuniversity.com/rules/axe/4.2/image-alt?application=axeAPI)","Page Content","html > body > img","www.ozthecarpenter.co.uk/.netlify/images?url=/Shelves%20in%20cupboards/PXL_20210902_120305438.MP.jpg&w=1600&q=82","Add meaningful alt text or aria-label"
"1.1.1","Images must have alternate text (https://dequeuniversity.com/rules/axe/4.2/image-alt?application=axeAPI)","Perceivable","C","Images must have alternate text (https://dequeuniversity.com/rules/axe/4.2/image-alt?application=axeAPI)","Page Content","html > body > img","www.ozthecarpenter.co.uk/.netlify/images?url=/Shelves%20in%20cupboards/PXL_20220224_172533333._exported_388_1646478041076.jpg&w=1600&q=82","Add meaningful alt text or aria-label"
"1.1.1","Images must have alternate text (https://dequeuniversity.com/rules/axe/4.2/image-alt?application=axeAPI)","Perceivable","C","Images must have alternate text (https://dequeuniversity.com/rules/axe/4.2/image-alt?application=axeAPI)","Page Content","html > body > img","www.ozthecarpenter.co.uk/.netlify/images?url=/Shelves%20in%20cupboards/PXL_20240813_154710182.MP.jpg&w=1600&q=82","Add meaningful alt text or aria-label"
"1.1.1","Images must have alternate text (https://dequeuniversity.com/rules/axe/4.2/image-alt?application=axeAPI)","Perceivable","C","Images must have alternate text (https://dequeuniversity.com/rules/axe/4.2/image-alt?application=axeAPI)","Page Content","html > body > img","www.ozthecarpenter.co.uk/.netlify/images?url=/Shelves%20in%20cupboards/PXL_20250815_182945922.MP.jpg&w=1600&q=82","Add meaningful alt text or aria-label"
"1.1.1","Images must have alternate text (https://dequeuniversity.com/rules/axe/4.2/image-alt?application=axeAPI)","Perceivable","C","Images must have alternate text (https://dequeuniversity.com/rules/axe/4.2/image-alt?application=axeAPI)","Page Content","html > body > img","www.ozthecarpenter.co.uk/.netlify/images?url=/Shelves%20in%20cupboards/PXL_20250902_112621845.MP.jpg&w=1600&q=82","Add meaningful alt text or aria-label"
"1.1.1","Images must have alternate text (https://dequeuniversity.com/rules/axe/4.2/image-alt?application=axeAPI)","Perceivable","C","Images must have alternate text (https://dequeuniversity.com/rules/axe/4.2/image-alt?application=axeAPI)","Page Content","html > body > img","www.ozthecarpenter.co.uk/.netlify/images?url=/Boxing-in/PXL_20211015_102553617.jpg&w=1600&q=82","Add meaningful alt text or aria-label"
"1.1.1","Images must have alternate text (https://dequeuniversity.com/rules/axe/4.2/image-alt?application=axeAPI)","Perceivable","C","Images must have alternate text (https://dequeuniversity.com/rules/axe/4.2/image-alt?application=axeAPI)","Page Content","html > body > img","www.ozthecarpenter.co.uk/.netlify/images?url=/Boxing-in/PXL_20230918_130146047.MP.jpg&w=1600&q=82","Add meaningful alt text or aria-label"
"1.1.1","Images must have alternate text (https://dequeuniversity.com/rules/axe/4.2/image-alt?application=axeAPI)","Perceivable","C","Images must have alternate text (https://dequeuniversity.com/rules/axe/4.2/image-alt?application=axeAPI)","Page Content","html > body > img","www.ozthecarpenter.co.uk/.netlify/images?url=/Boxing-in/PXL_20250821_153015261.MP.jpg&w=1600&q=82","Add meaningful alt text or aria-label"
"1.1.1","Images must have alternate text (https://dequeuniversity.com/rules/axe/4.2/image-alt?application=axeAPI)","Perceivable","C","Images must have alternate text (https://dequeuniversity.com/rules/axe/4.2/image-alt?application=axeAPI)","Page Content","html > body > img","www.ozthecarpenter.co.uk/.netlify/images?url=/Garden-projects/20181220_154441.jpg&w=1600&q=82","Add meaningful alt text or aria-label"
"1.1.1","Images must have alternate text (https://dequeuniversity.com/rules/axe/4.2/image-alt?application=axeAPI)","Perceivable","C","Images must have alternate text (https://dequeuniversity.com/rules/axe/4.2/image-alt?application=axeAPI)","Page Content","html > body > img","www.ozthecarpenter.co.uk/.netlify/images?url=/Garden-projects/20181220_154530.jpg&w=1600&q=82","Add meaningful alt text or aria-label"
"1.1.1","Images must have alternate text (https://dequeuniversity.com/rules/axe/4.2/image-alt?application=axeAPI)","Perceivable","C","Images must have alternate text (https://dequeuniversity.com/rules/axe/4.2/image-alt?application=axeAPI)","Page Content","html > body > img","www.ozthecarpenter.co.uk/.netlify/images?url=/Garden-projects/20200314_095319.jpg&w=1600&q=82","Add meaningful alt text or aria-label"
"1.1.1","Images must have alternate text (https://dequeuniversity.com/rules/axe/4.2/image-alt?application=axeAPI)","Perceivable","C","Images must have alternate text (https://dequeuniversity.com/rules/axe/4.2/image-alt?application=axeAPI)","Page Content","html > body > img","www.ozthecarpenter.co.uk/.netlify/images?url=/Garden-projects/20200314_095332.jpg&w=1600&q=82","Add meaningful alt text or aria-label"
"1.1.1","Images must have alternate text (https://dequeuniversity.com/rules/axe/4.2/image-alt?application=axeAPI)","Perceivable","C","Images must have alternate text (https://dequeuniversity.com/rules/axe/4.2/image-alt?application=axeAPI)","Page Content","html > body > img","www.ozthecarpenter.co.uk/.netlify/images?url=/Garden-projects/PXL_20210609_144532836.jpg&w=1600&q=82","Add meaningful alt text or aria-label"
"1.1.1","Images must have alternate text (https://dequeuniversity.com/rules/axe/4.2/image-alt?application=axeAPI)","Perceivable","C","Images must have alternate text (https://dequeuniversity.com/rules/axe/4.2/image-alt?application=axeAPI)","Page Content","html > body > img","www.ozthecarpenter.co.uk/.netlify/images?url=/Garden-projects/PXL_20211120_114215395.MP.jpg&w=1600&q=82","Add meaningful alt text or aria-label"
"1.1.1","Images must have alternate text (https://dequeuniversity.com/rules/axe/4.2/image-alt?application=axeAPI)","Perceivable","C","Images must have alternate text (https://dequeuniversity.com/rules/axe/4.2/image-alt?application=axeAPI)","Page Content","html > body > img","www.ozthecarpenter.co.uk/.netlify/images?url=/Other-projects/PXL_20250630_164505094.jpg&w=1600&q=82","Add meaningful alt text or aria-label"
"1.1.1","Images must have alternate text (https://dequeuniversity.com/rules/axe/4.2/image-alt?application=axeAPI)","Perceivable","C","Images must have alternate text (https://dequeuniversity.com/rules/axe/4.2/image-alt?application=axeAPI)","Page Content","html > body > img","www.ozthecarpenter.co.uk/.netlify/images?url=/Other-projects/20191007_165342.jpg&w=1600&q=82","Add meaningful alt text or aria-label"
"1.1.1","Images must have alternate text (https://dequeuniversity.com/rules/axe/4.2/image-alt?application=axeAPI)","Perceivable","C","Images must have alternate text (https://dequeuniversity.com/rules/axe/4.2/image-alt?application=axeAPI)","Page Content","html > body > img","www.ozthecarpenter.co.uk/.netlify/images?url=/Other-projects/IMG_20200929_170029.jpg&w=1600&q=82","Add meaningful alt text or aria-label"
"1.1.1","Images must have alternate text (https://dequeuniversity.com/rules/axe/4.2/image-alt?application=axeAPI)","Perceivable","C","Images must have alternate text (https://dequeuniversity.com/rules/axe/4.2/image-alt?application=axeAPI)","Page Content","html > body > img","www.ozthecarpenter.co.uk/.netlify/images?url=/Other-projects/PXL_20201027_164059932.jpg&w=1600&q=82","Add meaningful alt text or aria-label"
"1.1.1","Images must have alternate text (https://dequeuniversity.com/rules/axe/4.2/image-alt?application=axeAPI)","Perceivable","C","Images must have alternate text (https://dequeuniversity.com/rules/axe/4.2/image-alt?application=axeAPI)","Page Content","html > body > img","www.ozthecarpenter.co.uk/.netlify/images?url=/Other-projects/PXL_20210504_130758289.jpg&w=1600&q=82","Add meaningful alt text or aria-label"
"1.1.1","Images must have alternate text (https://dequeuniversity.com/rules/axe/4.2/image-alt?application=axeAPI)","Perceivable","C","Images must have alternate text (https://dequeuniversity.com/rules/axe/4.2/image-alt?application=axeAPI)","Page Content","html > body > img","www.ozthecarpenter.co.uk/.netlify/images?url=/Other-projects/PXL_20210504_131015613.jpg&w=1600&q=82","Add meaningful alt text or aria-label"
"1.1.1","Images must have alternate text (https://dequeuniversity.com/rules/axe/4.2/image-alt?application=axeAPI)","Perceivable","C","Images must have alternate text (https://dequeuniversity.com/rules/axe/4.2/image-alt?application=axeAPI)","Page Content","html > body > img","www.ozthecarpenter.co.uk/.netlify/images?url=/Other-projects/PXL_20210519_140501923.jpg&w=1600&q=82","Add meaningful alt text or aria-label"
"1.1.1","Images must have alternate text (https://dequeuniversity.com/rules/axe/4.2/image-alt?application=axeAPI)","Perceivable","C","Images must have alternate text (https://dequeuniversity.com/rules/axe/4.2/image-alt?application=axeAPI)","Page Content","html > body > img","www.ozthecarpenter.co.uk/.netlify/images?url=/Other-projects/PXL_20211013_142934644.jpg&w=1600&q=82","Add meaningful alt text or aria-label"
"1.1.1","Images must have alternate text (https://dequeuniversity.com/rules/axe/4.2/image-alt?application=axeAPI)","Perceivable","C","Images must have alternate text (https://dequeuniversity.com/rules/axe/4.2/image-alt?application=axeAPI)","Page Content","html > body > img","www.ozthecarpenter.co.uk/.netlify/images?url=/Other-projects/PXL_20211015_102614618.jpg&w=1600&q=82","Add meaningful alt text or aria-label"
"1.1.1","Images must have alternate text (https://dequeuniversity.com/rules/axe/4.2/image-alt?application=axeAPI)","Perceivable","C","Images must have alternate text (https://dequeuniversity.com/rules/axe/4.2/image-alt?application=axeAPI)","Page Content","html > body > img","www.ozthecarpenter.co.uk/.netlify/images?url=/Other-projects/PXL_20211129_180340356.MP.jpg&w=1600&q=82","Add meaningful alt text or aria-label"
"1.1.1","Images must have alternate text (https://dequeuniversity.com/rules/axe/4.2/image-alt?application=axeAPI)","Perceivable","C","Images must have alternate text (https://dequeuniversity.com/rules/axe/4.2/image-alt?application=axeAPI)","Page Content","html > body > img","www.ozthecarpenter.co.uk/.netlify/images?url=/Other-projects/PXL_20220107_170540364.MP.jpg&w=1600&q=82","Add meaningful alt text or aria-label"
"1.1.1","Images must have alternate text (https://dequeuniversity.com/rules/axe/4.2/image-alt?application=axeAPI)","Perceivable","C","Images must have alternate text (https://dequeuniversity.com/rules/axe/4.2/image-alt?application=axeAPI)","Page Content","html > body > img","www.ozthecarpenter.co.uk/.netlify/images?url=/Other-projects/PXL_20220221_153612257._exported_1948_1646478207523.jpg&w=1600&q=82","Add meaningful alt text or aria-label"
"1.1.1","Images must have alternate text (https://dequeuniversity.com/rules/axe/4.2/image-alt?application=axeAPI)","Perceivable","C","Images must have alternate text (https://dequeuniversity.com/rules/axe/4.2/image-alt?application=axeAPI)","Page Content","html > body > img","www.ozthecarpenter.co.uk/.netlify/images?url=/Other-projects/PXL_20221124_151340587.MP.jpg&w=1600&q=82","Add meaningful alt text or aria-label"
"1.1.1","Images must have alternate text (https://dequeuniversity.com/rules/axe/4.2/image-alt?application=axeAPI)","Perceivable","C","Images must have alternate text (https://dequeuniversity.com/rules/axe/4.2/image-alt?application=axeAPI)","Page Content","html > body > img","www.ozthecarpenter.co.uk/.netlify/images?url=/Other-projects/PXL_20230111_143409496.MP.jpg&w=1600&q=82","Add meaningful alt text or aria-label"
"1.1.1","Images must have alternate text (https://dequeuniversity.com/rules/axe/4.2/image-alt?application=axeAPI)","Perceivable","C","Images must have alternate text (https://dequeuniversity.com/rules/axe/4.2/image-alt?application=axeAPI)","Page Content","html > body > img","www.ozthecarpenter.co.uk/.netlify/images?url=/Other-projects/PXL_20230117_154239925.MP.jpg&w=1600&q=82","Add meaningful alt text or aria-label"
"1.1.1","Images must have alternate text (https://dequeuniversity.com/rules/axe/4.2/image-alt?application=axeAPI)","Perceivable","C","Images must have alternate text (https://dequeuniversity.com/rules/axe/4.2/image-alt?application=axeAPI)","Page Content","html > body > img","www.ozthecarpenter.co.uk/.netlify/images?url=/Other-projects/PXL_20240213_192156261.MP.jpg&w=1600&q=82","Add meaningful alt text or aria-label"
"1.1.1","Images must have alternate text (https://dequeuniversity.com/rules/axe/4.2/image-alt?application=axeAPI)","Perceivable","C","Images must have alternate text (https://dequeuniversity.com/rules/axe/4.2/image-alt?application=axeAPI)","Page Content","html > body > img","www.ozthecarpenter.co.uk/.netlify/images?url=/Other-projects/PXL_20240829_114130630.MP.jpg&w=1600&q=82","Add meaningful alt text or aria-label"
"1.1.1","Images must have alternate text (https://dequeuniversity.com/rules/axe/4.2/image-alt?application=axeAPI)","Perceivable","C","Images must have alternate text (https://dequeuniversity.com/rules/axe/4.2/image-alt?application=axeAPI)","Page Content","html > body > img","www.ozthecarpenter.co.uk/.netlify/images?url=/Other-projects/PXL_20250113_162524392.MP.jpg&w=1600&q=82","Add meaningful alt text or aria-label"
"1.3.1","Document should have one main landmark (https://dequeuniversity.com/rules/axe/4.2/landmark-one-main?application=axeAPI)","Perceivable","M","Document should have one main landmark (https://dequeuniversity.com/rules/axe/4.2/landmark-one-main?application=axeAPI)","Page Content","html","www.ozthecarpenter.co.uk/.netlify/images?url=/Alcove-shelves/20180910_163209.jpg&w=1600&q=82","Review WCAG guidance"
"1.3.1","Document should have one main landmark (https://dequeuniversity.com/rules/axe/4.2/landmark-one-main?application=axeAPI)","Perceivable","M","Document should have one main landmark (https://dequeuniversity.com/rules/axe/4.2/landmark-one-main?application=axeAPI)","Page Content","html","www.ozthecarpenter.co.uk/.netlify/images?url=/Alcove-shelves/20180910_163229.jpg&w=1600&q=82","Review WCAG guidance"
"1.3.1","Document should have one main landmark (https://dequeuniversity.com/rules/axe/4.2/landmark-one-main?application=axeAPI)","Perceivable","M","Document should have one main landmark (https://dequeuniversity.com/rules/axe/4.2/landmark-one-main?application=axeAPI)","Page Content","html","www.ozthecarpenter.co.uk/.netlify/images?url=/Alcove-shelves/20180910_163300.jpg&w=1600&q=82","Review WCAG guidance"
"1.3.1","Document should have one main landmark (https://dequeuniversity.com/rules/axe/4.2/landmark-one-main?application=axeAPI)","Perceivable","M","Document should have one main landmark (https://dequeuniversity.com/rules/axe/4.2/landmark-one-main?application=axeAPI)","Page Content","html","www.ozthecarpenter.co.uk/.netlify/images?url=/Alcove-shelves/20190829_165245.jpg&w=1600&q=82","Review WCAG guidance"
"1.3.1","Document should have one main landmark (https://dequeuniversity.com/rules/axe/4.2/landmark-one-main?application=axeAPI)","Perceivable","M","Document should have one main landmark (https://dequeuniversity.com/rules/axe/4.2/landmark-one-main?application=axeAPI)","Page Content","html","www.ozthecarpenter.co.uk/.netlify/images?url=/Alcove-shelves/20190829_165309.jpg&w=1600&q=82","Review WCAG guidance"
"1.3.1","Document should have one main landmark (https://dequeuniversity.com/rules/axe/4.2/landmark-one-main?application=axeAPI)","Perceivable","M","Document should have one main landmark (https://dequeuniversity.com/rules/axe/4.2/landmark-one-main?application=axeAPI)","Page Content","html","www.ozthecarpenter.co.uk/.netlify/images?url=/Alcove-shelves/20190829_165339.jpg&w=1600&q=82","Review WCAG guidance"
"1.3.1","Document should have one main landmark (https://dequeuniversity.com/rules/axe/4.2/landmark-one-main?application=axeAPI)","Perceivable","M","Document should have one main landmark (https://dequeuniversity.com/rules/axe/4.2/landmark-one-main?application=axeAPI)","Page Content","html","www.ozthecarpenter.co.uk/.netlify/images?url=/Alcove-shelves/20190902_170424.jpg&w=1600&q=82","Review WCAG guidance"
"1.3.1","Document should have one main landmark (https://dequeuniversity.com/rules/axe/4.2/landmark-one-main?application=axeAPI)","Perceivable","M","Document should have one main landmark (https://dequeuniversity.com/rules/axe/4.2/landmark-one-main?application=axeAPI)","Page Content","html","www.ozthecarpenter.co.uk/.netlify/images?url=/Alcove-shelves/20200109_123436.jpg&w=1600&q=82","Review WCAG guidance"
"1.3.1","Document should have one main landmark (https://dequeuniversity.com/rules/axe/4.2/landmark-one-main?application=axeAPI)","Perceivable","M","Document should have one main landmark (https://dequeuniversity.com/rules/axe/4.2/landmark-one-main?application=axeAPI)","Page Content","html","www.ozthecarpenter.co.uk/.netlify/images?url=/Alcove-shelves/20200109_123451.jpg&w=1600&q=82","Review WCAG guidance"
"1.3.1","Document should have one main landmark (https://dequeuniversity.com/rules/axe/4.2/landmark-one-main?application=axeAPI)","Perceivable","M","Document should have one main landmark (https://dequeuniversity.com/rules/axe/4.2/landmark-one-main?application=axeAPI)","Page Content","html","www.ozthecarpenter.co.uk/.netlify/images?url=/Alcove-shelves/20200122_154359.jpg&w=1600&q=82","Review WCAG guidance"
"1.3.1","Document should have one main landmark (https://dequeuniversity.com/rules/axe/4.2/landmark-one-main?application=axeAPI)","Perceivable","M","Document should have one main landmark (https://dequeuniversity.com/rules/axe/4.2/landmark-one-main?application=axeAPI)","Page Content","html","www.ozthecarpenter.co.uk/.netlify/images?url=/Alcove-shelves/20200317_191041.jpg&w=1600&q=82","Review WCAG guidance"
"1.3.1","Document should have one main landmark (https://dequeuniversity.com/rules/axe/4.2/landmark-one-main?application=axeAPI)","Perceivable","M","Document should have one main landmark (https://dequeuniversity.com/rules/axe/4.2/landmark-one-main?application=axeAPI)","Page Content","html","www.ozthecarpenter.co.uk/.netlify/images?url=/Alcove-shelves/20200317_191050.jpg&w=1600&q=82","Review WCAG guidance"
"1.3.1","Document should have one main landmark (https://dequeuniversity.com/rules/axe/4.2/landmark-one-main?application=axeAPI)","Perceivable","M","Document should have one main landmark (https://dequeuniversity.com/rules/axe/4.2/landmark-one-main?application=axeAPI)","Page Content","html","www.ozthecarpenter.co.uk/.netlify/images?url=/Alcove-shelves/IMG_20200707_154421.jpg&w=1600&q=82","Review WCAG guidance"
"1.3.1","Document should have one main landmark (https://dequeuniversity.com/rules/axe/4.2/landmark-one-main?application=axeAPI)","Perceivable","M","Document should have one main landmark (https://dequeuniversity.com/rules/axe/4.2/landmark-one-main?application=axeAPI)","Page Content","html","www.ozthecarpenter.co.uk/.netlify/images?url=/Alcove-shelves/PXL_20210303_111229934.jpg&w=1600&q=82","Review WCAG guidance"
"1.3.1","Document should have one main landmark (https://dequeuniversity.com/rules/axe/4.2/landmark-one-main?application=axeAPI)","Perceivable","M","Document should have one main landmark (https://dequeuniversity.com/rules/axe/4.2/landmark-one-main?application=axeAPI)","Page Content","html","www.ozthecarpenter.co.uk/.netlify/images?url=/Alcove-shelves/PXL_20210604_145317822.jpg&w=1600&q=82","Review WCAG guidance"
"1.3.1","Document should have one main landmark (https://dequeuniversity.com/rules/axe/4.2/landmark-one-main?application=axeAPI)","Perceivable","M","Document should have one main landmark (https://dequeuniversity.com/rules/axe/4.2/landmark-one-main?application=axeAPI)","Page Content","html","www.ozthecarpenter.co.uk/.netlify/images?url=/Alcove-shelves/PXL_20211207_155657978.MP.jpg&w=1600&q=82","Review WCAG guidance"
"1.3.1","Document should have one main landmark (https://dequeuniversity.com/rules/axe/4.2/landmark-one-main?application=axeAPI)","Perceivable","M","Document should have one main landmark (https://dequeuniversity.com/rules/axe/4.2/landmark-one-main?application=axeAPI)","Page Content","html","www.ozthecarpenter.co.uk/.netlify/images?url=/Alcove-shelves/PXL_20211221_165739843.MP.jpg&w=1600&q=82","Review WCAG guidance"
"1.3.1","Document should have one main landmark (https://dequeuniversity.com/rules/axe/4.2/landmark-one-main?application=axeAPI)","Perceivable","M","Document should have one main landmark (https://dequeuniversity.com/rules/axe/4.2/landmark-one-main?application=axeAPI)","Page Content","html","www.ozthecarpenter.co.uk/.netlify/images?url=/Alcove-shelves/PXL_20231213_125702354.MP.jpg&w=1600&q=82","Review WCAG guidance"
"1.3.1","Document should have one main landmark (https://dequeuniversity.com/rules/axe/4.2/landmark-one-main?application=axeAPI)","Perceivable","M","Document should have one main landmark (https://dequeuniversity.com/rules/axe/4.2/landmark-one-main?application=axeAPI)","Page Content","html","www.ozthecarpenter.co.uk/.netlify/images?url=/Alcove-shelves/PXL_20231220_163422013.MP.jpg&w=1600&q=82","Review WCAG guidance"
"1.3.1","Document should have one main landmark (https://dequeuniversity.com/rules/axe/4.2/landmark-one-main?application=axeAPI)","Perceivable","M","Document should have one main landmark (https://dequeuniversity.com/rules/axe/4.2/landmark-one-main?application=axeAPI)","Page Content","html","www.ozthecarpenter.co.uk/.netlify/images?url=/Small-cupboards-meter%20cupboards/20190708_173904.jpg&w=1600&q=82","Review WCAG guidance"
"1.3.1","Document should have one main landmark (https://dequeuniversity.com/rules/axe/4.2/landmark-one-main?application=axeAPI)","Perceivable","M","Document should have one main landmark (https://dequeuniversity.com/rules/axe/4.2/landmark-one-main?application=axeAPI)","Page Content","html","www.ozthecarpenter.co.uk/.netlify/images?url=/Small-cupboards-meter%20cupboards/20190708_174001.jpg&w=1600&q=82","Review WCAG guidance"
"1.3.1","Document should have one main landmark (https://dequeuniversity.com/rules/axe/4.2/landmark-one-main?application=axeAPI)","Perceivable","M","Document should have one main landmark (https://dequeuniversity.com/rules/axe/4.2/landmark-one-main?application=axeAPI)","Page Content","html","www.ozthecarpenter.co.uk/.netlify/images?url=/Small-cupboards-meter%20cupboards/20190810_203518.jpg&w=1600&q=82","Review WCAG guidance"
"1.3.1","Document should have one main landmark (https://dequeuniversity.com/rules/axe/4.2/landmark-one-main?application=axeAPI)","Perceivable","M","Document should have one main landmark (https://dequeuniversity.com/rules/axe/4.2/landmark-one-main?application=axeAPI)","Page Content","html","www.ozthecarpenter.co.uk/.netlify/images?url=/Small-cupboards-meter%20cupboards/20190910_093621.jpg&w=1600&q=82","Review WCAG guidance"
"1.3.1","Document should have one main landmark (https://dequeuniversity.com/rules/axe/4.2/landmark-one-main?application=axeAPI)","Perceivable","M","Document should have one main landmark (https://dequeuniversity.com/rules/axe/4.2/landmark-one-main?application=axeAPI)","Page Content","html","www.ozthecarpenter.co.uk/.netlify/images?url=/Small-cupboards-meter%20cupboards/20191010_164441.jpg&w=1600&q=82","Review WCAG guidance"
"1.3.1","Document should have one main landmark (https://dequeuniversity.com/rules/axe/4.2/landmark-one-main?application=axeAPI)","Perceivable","M","Document should have one main landmark (https://dequeuniversity.com/rules/axe/4.2/landmark-one-main?application=axeAPI)","Page Content","html","www.ozthecarpenter.co.uk/.netlify/images?url=/Small-cupboards-meter%20cupboards/IMG_20200723_123007.jpg&w=1600&q=82","Review WCAG guidance"
"1.3.1","Document should have one main landmark (https://dequeuniversity.com/rules/axe/4.2/landmark-one-main?application=axeAPI)","Perceivable","M","Document should have one main landmark (https://dequeuniversity.com/rules/axe/4.2/landmark-one-main?application=axeAPI)","Page Content","html","www.ozthecarpenter.co.uk/.netlify/images?url=/Small-cupboards-meter%20cupboards/PXL_20210610_124703125.jpg&w=1600&q=82","Review WCAG guidance"
"1.3.1","Document should have one main landmark (https://dequeuniversity.com/rules/axe/4.2/landmark-one-main?application=axeAPI)","Perceivable","M","Document should have one main landmark (https://dequeuniversity.com/rules/axe/4.2/landmark-one-main?application=axeAPI)","Page Content","html","www.ozthecarpenter.co.uk/.netlify/images?url=/Small-cupboards-meter%20cupboards/PXL_20220221_153457387._exported_1932_1646478233959.jpg&w=1600&q=82","Review WCAG guidance"
"1.3.1","Document should have one main landmark (https://dequeuniversity.com/rules/axe/4.2/landmark-one-main?application=axeAPI)","Perceivable","M","Document should have one main landmark (https://dequeuniversity.com/rules/axe/4.2/landmark-one-main?application=axeAPI)","Page Content","html","www.ozthecarpenter.co.uk/.netlify/images?url=/Bench-cupboards/20190715_124439.jpg&w=1600&q=82","Review WCAG guidance"
"1.3.1","Document should have one main landmark (https://dequeuniversity.com/rules/axe/4.2/landmark-one-main?application=axeAPI)","Perceivable","M","Document should have one main landmark (https://dequeuniversity.com/rules/axe/4.2/landmark-one-main?application=axeAPI)","Page Content","html","www.ozthecarpenter.co.uk/.netlify/images?url=/Bench-cupboards/20190725_124526.jpg&w=1600&q=82","Review WCAG guidance"
"1.3.1","Document should have one main landmark (https://dequeuniversity.com/rules/axe/4.2/landmark-one-main?application=axeAPI)","Perceivable","M","Document should have one main landmark (https://dequeuniversity.com/rules/axe/4.2/landmark-one-main?application=axeAPI)","Page Content","html","www.ozthecarpenter.co.uk/.netlify/images?url=/Bench-cupboards/PXL_20211215_112948183.MP.jpg&w=1600&q=82","Review WCAG guidance"
"1.3.1","Document should have one main landmark (https://dequeuniversity.com/rules/axe/4.2/landmark-one-main?application=axeAPI)","Perceivable","M","Document should have one main landmark (https://dequeuniversity.com/rules/axe/4.2/landmark-one-main?application=axeAPI)","Page Content","html","www.ozthecarpenter.co.uk/.netlify/images?url=/Bench-cupboards/PXL_20250806_154417761.MP.jpg&w=1600&q=82","Review WCAG guidance"
"1.3.1","Document should have one main landmark (https://dequeuniversity.com/rules/axe/4.2/landmark-one-main?application=axeAPI)","Perceivable","M","Document should have one main landmark (https://dequeuniversity.com/rules/axe/4.2/landmark-one-main?application=axeAPI)","Page Content","html","www.ozthecarpenter.co.uk/.netlify/images?url=/Bench-cupboards/PXL_20250806_183355667.MP.jpg&w=1600&q=82","Review WCAG guidance"
"1.3.1","Document should have one main landmark (https://dequeuniversity.com/rules/axe/4.2/landmark-one-main?application=axeAPI)","Perceivable","M","Document should have one main landmark (https://dequeuniversity.com/rules/axe/4.2/landmark-one-main?application=axeAPI)","Page Content","html","www.ozthecarpenter.co.uk/.netlify/images?url=/Bench-cupboards/PXL_20250923_153723261.MP.jpg&w=1600&q=82","Review WCAG guidance"
"1.3.1","Document should have one main landmark (https://dequeuniversity.com/rules/axe/4.2/landmark-one-main?application=axeAPI)","Perceivable","M","Document should have one main landmark (https://dequeuniversity.com/rules/axe/4.2/landmark-one-main?application=axeAPI)","Page Content","html","www.ozthecarpenter.co.uk/.netlify/images?url=/Bench-cupboards/PXL_20251120_123528286.MP.jpg&w=1600&q=82","Review WCAG guidance"
"1.3.1","Document should have one main landmark (https://dequeuniversity.com/rules/axe/4.2/landmark-one-main?application=axeAPI)","Perceivable","M","Document should have one main landmark (https://dequeuniversity.com/rules/axe/4.2/landmark-one-main?application=axeAPI)","Page Content","html","www.ozthecarpenter.co.uk/.netlify/images?url=/Bench-cupboards/PXL_20251120_123540684.MP.jpg&w=1600&q=82","Review WCAG guidance"
"1.3.1","Document should have one main landmark (https://dequeuniversity.com/rules/axe/4.2/landmark-one-main?application=axeAPI)","Perceivable","M","Document should have one main landmark (https://dequeuniversity.com/rules/axe/4.2/landmark-one-main?application=axeAPI)","Page Content","html","www.ozthecarpenter.co.uk/.netlify/images?url=/Oz-shelves/20190617_142941.jpg&w=1600&q=82","Review WCAG guidance"
"1.3.1","Document should have one main landmark (https://dequeuniversity.com/rules/axe/4.2/landmark-one-main?application=axeAPI)","Perceivable","M","Document should have one main landmark (https://dequeuniversity.com/rules/axe/4.2/landmark-one-main?application=axeAPI)","Page Content","html","www.ozthecarpenter.co.uk/.netlify/images?url=/Oz-shelves/20190617_143004.jpg&w=1600&q=82","Review WCAG guidance"
"1.3.1","Document should have one main landmark (https://dequeuniversity.com/rules/axe/4.2/landmark-one-main?application=axeAPI)","Perceivable","M","Document should have one main landmark (https://dequeuniversity.com/rules/axe/4.2/landmark-one-main?application=axeAPI)","Page Content","html","www.ozthecarpenter.co.uk/.netlify/images?url=/Oz-shelves/20191212_152225.jpg&w=1600&q=82","Review WCAG guidance"
"1.3.1","Document should have one main landmark (https://dequeuniversity.com/rules/axe/4.2/landmark-one-main?application=axeAPI)","Perceivable","M","Document should have one main landmark (https://dequeuniversity.com/rules/axe/4.2/landmark-one-main?application=axeAPI)","Page Content","html","www.ozthecarpenter.co.uk/.netlify/images?url=/Oz-shelves/20191212_152255.jpg&w=1600&q=82","Review WCAG guidance"
"1.3.1","Document should have one main landmark (https://dequeuniversity.com/rules/axe/4.2/landmark-one-main?application=axeAPI)","Perceivable","M","Document should have one main landmark (https://dequeuniversity.com/rules/axe/4.2/landmark-one-main?application=axeAPI)","Page Content","html","www.ozthecarpenter.co.uk/.netlify/images?url=/Oz-shelves/PXL_20210125_152118067.jpg&w=1600&q=82","Review WCAG guidance"
"1.3.1","Document should have one main landmark (https://dequeuniversity.com/rules/axe/4.2/landmark-one-main?application=axeAPI)","Perceivable","M","Document should have one main landmark (https://dequeuniversity.com/rules/axe/4.2/landmark-one-main?application=axeAPI)","Page Content","html","www.ozthecarpenter.co.uk/.netlify/images?url=/Oz-shelves/PXL_20210401_132201168.jpg&w=1600&q=82","Review WCAG guidance"
"1.3.1","Document should have one main landmark (https://dequeuniversity.com/rules/axe/4.2/landmark-one-main?application=axeAPI)","Perceivable","M","Document should have one main landmark (https://dequeuniversity.com/rules/axe/4.2/landmark-one-main?application=axeAPI)","Page Content","html","www.ozthecarpenter.co.uk/.netlify/images?url=/Oz-shelves/PXL_20210416_133624921.MP.jpg&w=1600&q=82","Review WCAG guidance"
"1.3.1","Document should have one main landmark (https://dequeuniversity.com/rules/axe/4.2/landmark-one-main?application=axeAPI)","Perceivable","M","Document should have one main landmark (https://dequeuniversity.com/rules/axe/4.2/landmark-one-main?application=axeAPI)","Page Content","html","www.ozthecarpenter.co.uk/.netlify/images?url=/Oz-shelves/PXL_20210416_133639621.jpg&w=1600&q=82","Review WCAG guidance"
"1.3.1","Document should have one main landmark (https://dequeuniversity.com/rules/axe/4.2/landmark-one-main?application=axeAPI)","Perceivable","M","Document should have one main landmark (https://dequeuniversity.com/rules/axe/4.2/landmark-one-main?application=axeAPI)","Page Content","html","www.ozthecarpenter.co.uk/.netlify/images?url=/Oz-shelves/PXL_20210416_140442650.jpg&w=1600&q=82","Review WCAG guidance"
"1.3.1","Document should have one main landmark (https://dequeuniversity.com/rules/axe/4.2/landmark-one-main?application=axeAPI)","Perceivable","M","Document should have one main landmark (https://dequeuniversity.com/rules/axe/4.2/landmark-one-main?application=axeAPI)","Page Content","html","www.ozthecarpenter.co.uk/.netlify/images?url=/Oz-shelves/PXL_20210430_121048072.jpg&w=1600&q=82","Review WCAG guidance"
"1.3.1","Document should have one main landmark (https://dequeuniversity.com/rules/axe/4.2/landmark-one-main?application=axeAPI)","Perceivable","M","Document should have one main landmark (https://dequeuniversity.com/rules/axe/4.2/landmark-one-main?application=axeAPI)","Page Content","html","www.ozthecarpenter.co.uk/.netlify/images?url=/Oz-shelves/PXL_20210430_121416452.jpg&w=1600&q=82","Review WCAG guidance"
"1.3.1","Document should have one main landmark (https://dequeuniversity.com/rules/axe/4.2/landmark-one-main?application=axeAPI)","Perceivable","M","Document should have one main landmark (https://dequeuniversity.com/rules/axe/4.2/landmark-one-main?application=axeAPI)","Page Content","html","www.ozthecarpenter.co.uk/.netlify/images?url=/Oz-shelves/PXL_20220127_162133546._exported_2410_1644972552069.jpg&w=1600&q=82","Review WCAG guidance"
"1.3.1","Document should have one main landmark (https://dequeuniversity.com/rules/axe/4.2/landmark-one-main?application=axeAPI)","Perceivable","M","Document should have one main landmark (https://dequeuniversity.com/rules/axe/4.2/landmark-one-main?application=axeAPI)","Page Content","html","www.ozthecarpenter.co.uk/.netlify/images?url=/Oz-shelves/PXL_20220127_162155602.MP.jpg&w=1600&q=82","Review WCAG guidance"
"1.3.1","Document should have one main landmark (https://dequeuniversity.com/rules/axe/4.2/landmark-one-main?application=axeAPI)","Perceivable","M","Document should have one main landmark (https://dequeuniversity.com/rules/axe/4.2/landmark-one-main?application=axeAPI)","Page Content","html","www.ozthecarpenter.co.uk/.netlify/images?url=/Oz-shelves/PXL_20220530_192129865.MP.jpg&w=1600&q=82","Review WCAG guidance"
"1.3.1","Document should have one main landmark (https://dequeuniversity.com/rules/axe/4.2/landmark-one-main?application=axeAPI)","Perceivable","M","Document should have one main landmark (https://dequeuniversity.com/rules/axe/4.2/landmark-one-main?application=axeAPI)","Page Content","html","www.ozthecarpenter.co.uk/.netlify/images?url=/Oz-shelves/PXL_20220530_192139104.MP.jpg&w=1600&q=82","Review WCAG guidance"
"1.3.1","Document should have one main landmark (https://dequeuniversity.com/rules/axe/4.2/landmark-one-main?application=axeAPI)","Perceivable","M","Document should have one main landmark (https://dequeuniversity.com/rules/axe/4.2/landmark-one-main?application=axeAPI)","Page Content","html","www.ozthecarpenter.co.uk/.netlify/images?url=/Oz-shelves/PXL_20220530_192153039.MP.jpg&w=1600&q=82","Review WCAG guidance"
"1.3.1","Document should have one main landmark (https://dequeuniversity.com/rules/axe/4.2/landmark-one-main?application=axeAPI)","Perceivable","M","Document should have one main landmark (https://dequeuniversity.com/rules/axe/4.2/landmark-one-main?application=axeAPI)","Page Content","html","www.ozthecarpenter.co.uk/.netlify/images?url=/Oz-shelves/PXL_20220722_140146494.MP.jpg&w=1600&q=82","Review WCAG guidance"
"1.3.1","Document should have one main landmark (https://dequeuniversity.com/rules/axe/4.2/landmark-one-main?application=axeAPI)","Perceivable","M","Document should have one main landmark (https://dequeuniversity.com/rules/axe/4.2/landmark-one-main?application=axeAPI)","Page Content","html","www.ozthecarpenter.co.uk/.netlify/images?url=/Oz-shelves/PXL_20220722_140245763.MP.jpg&w=1600&q=82","Review WCAG guidance"
"1.3.1","Document should have one main landmark (https://dequeuniversity.com/rules/axe/4.2/landmark-one-main?application=axeAPI)","Perceivable","M","Document should have one main landmark (https://dequeuniversity.com/rules/axe/4.2/landmark-one-main?application=axeAPI)","Page Content","html","www.ozthecarpenter.co.uk/.netlify/images?url=/Oz-shelves/PXL_20220908_125629520.MP.jpg&w=1600&q=82","Review WCAG guidance"
"1.3.1","Document should have one main landmark (https://dequeuniversity.com/rules/axe/4.2/landmark-one-main?application=axeAPI)","Perceivable","M","Document should have one main landmark (https://dequeuniversity.com/rules/axe/4.2/landmark-one-main?application=axeAPI)","Page Content","html","www.ozthecarpenter.co.uk/.netlify/images?url=/Oz-shelves/PXL_20241218_143721913.MP.jpg&w=1600&q=82","Review WCAG guidance"
"1.3.1","Document should have one main landmark (https://dequeuniversity.com/rules/axe/4.2/landmark-one-main?application=axeAPI)","Perceivable","M","Document should have one main landmark (https://dequeuniversity.com/rules/axe/4.2/landmark-one-main?application=axeAPI)","Page Content","html","www.ozthecarpenter.co.uk/.netlify/images?url=/Shelves%20in%20cupboards/20190828_114119.jpg&w=1600&q=82","Review WCAG guidance"
"1.3.1","Document should have one main landmark (https://dequeuniversity.com/rules/axe/4.2/landmark-one-main?application=axeAPI)","Perceivable","M","Document should have one main landmark (https://dequeuniversity.com/rules/axe/4.2/landmark-one-main?application=axeAPI)","Page Content","html","www.ozthecarpenter.co.uk/.netlify/images?url=/Shelves%20in%20cupboards/20200225_150524.jpg&w=1600&q=82","Review WCAG guidance"
"1.3.1","Document should have one main landmark (https://dequeuniversity.com/rules/axe/4.2/landmark-one-main?application=axeAPI)","Perceivable","M","Document should have one main landmark (https://dequeuniversity.com/rules/axe/4.2/landmark-one-main?application=axeAPI)","Page Content","html","www.ozthecarpenter.co.uk/.netlify/images?url=/Shelves%20in%20cupboards/IMG_20200522_095357.jpg&w=1600&q=82","Review WCAG guidance"
"1.3.1","Document should have one main landmark (https://dequeuniversity.com/rules/axe/4.2/landmark-one-main?application=axeAPI)","Perceivable","M","Document should have one main landmark (https://dequeuniversity.com/rules/axe/4.2/landmark-one-main?application=axeAPI)","Page Content","html","www.ozthecarpenter.co.uk/.netlify/images?url=/Shelves%20in%20cupboards/IMG_20200522_095414.jpg&w=1600&q=82","Review WCAG guidance"
"1.3.1","Document should have one main landmark (https://dequeuniversity.com/rules/axe/4.2/landmark-one-main?application=axeAPI)","Perceivable","M","Document should have one main landmark (https://dequeuniversity.com/rules/axe/4.2/landmark-one-main?application=axeAPI)","Page Content","html","www.ozthecarpenter.co.uk/.netlify/images?url=/Shelves%20in%20cupboards/IMG_20200723_123349.jpg&w=1600&q=82","Review WCAG guidance"
"1.3.1","Document should have one main landmark (https://dequeuniversity.com/rules/axe/4.2/landmark-one-main?application=axeAPI)","Perceivable","M","Document should have one main landmark (https://dequeuniversity.com/rules/axe/4.2/landmark-one-main?application=axeAPI)","Page Content","html","www.ozthecarpenter.co.uk/.netlify/images?url=/Shelves%20in%20cupboards/PXL_20210318_132959807.jpg&w=1600&q=82","Review WCAG guidance"
"1.3.1","Document should have one main landmark (https://dequeuniversity.com/rules/axe/4.2/landmark-one-main?application=axeAPI)","Perceivable","M","Document should have one main landmark (https://dequeuniversity.com/rules/axe/4.2/landmark-one-main?application=axeAPI)","Page Content","html","www.ozthecarpenter.co.uk/.netlify/images?url=/Shelves%20in%20cupboards/PXL_20210803_130208353.MP.jpg&w=1600&q=82","Review WCAG guidance"
"1.3.1","Document should have one main landmark (https://dequeuniversity.com/rules/axe/4.2/landmark-one-main?application=axeAPI)","Perceivable","M","Document should have one main landmark (https://dequeuniversity.com/rules/axe/4.2/landmark-one-main?application=axeAPI)","Page Content","html","www.ozthecarpenter.co.uk/.netlify/images?url=/Shelves%20in%20cupboards/PXL_20210902_120305438.MP.jpg&w=1600&q=82","Review WCAG guidance"
"1.3.1","Document should have one main landmark (https://dequeuniversity.com/rules/axe/4.2/landmark-one-main?application=axeAPI)","Perceivable","M","Document should have one main landmark (https://dequeuniversity.com/rules/axe/4.2/landmark-one-main?application=axeAPI)","Page Content","html","www.ozthecarpenter.co.uk/.netlify/images?url=/Shelves%20in%20cupboards/PXL_20220224_172533333._exported_388_1646478041076.jpg&w=1600&q=82","Review WCAG guidance"
"1.3.1","Document should have one main landmark (https://dequeuniversity.com/rules/axe/4.2/landmark-one-main?application=axeAPI)","Perceivable","M","Document should have one main landmark (https://dequeuniversity.com/rules/axe/4.2/landmark-one-main?application=axeAPI)","Page Content","html","www.ozthecarpenter.co.uk/.netlify/images?url=/Shelves%20in%20cupboards/PXL_20240813_154710182.MP.jpg&w=1600&q=82","Review WCAG guidance"
"1.3.1","Document should have one main landmark (https://dequeuniversity.com/rules/axe/4.2/landmark-one-main?application=axeAPI)","Perceivable","M","Document should have one main landmark (https://dequeuniversity.com/rules/axe/4.2/landmark-one-main?application=axeAPI)","Page Content","html","www.ozthecarpenter.co.uk/.netlify/images?url=/Shelves%20in%20cupboards/PXL_20250815_182945922.MP.jpg&w=1600&q=82","Review WCAG guidance"
"1.3.1","Document should have one main landmark (https://dequeuniversity.com/rules/axe/4.2/landmark-one-main?application=axeAPI)","Perceivable","M","Document should have one main landmark (https://dequeuniversity.com/rules/axe/4.2/landmark-one-main?application=axeAPI)","Page Content","html","www.ozthecarpenter.co.uk/.netlify/images?url=/Shelves%20in%20cupboards/PXL_20250902_112621845.MP.jpg&w=1600&q=82","Review WCAG guidance"
"1.3.1","Document should have one main landmark (https://dequeuniversity.com/rules/axe/4.2/landmark-one-main?application=axeAPI)","Perceivable","M","Document should have one main landmark (https://dequeuniversity.com/rules/axe/4.2/landmark-one-main?application=axeAPI)","Page Content","html","www.ozthecarpenter.co.uk/.netlify/images?url=/Boxing-in/PXL_20211015_102553617.jpg&w=1600&q=82","Review WCAG guidance"
"1.3.1","Document should have one main landmark (https://dequeuniversity.com/rules/axe/4.2/landmark-one-main?application=axeAPI)","Perceivable","M","Document should have one main landmark (https://dequeuniversity.com/rules/axe/4.2/landmark-one-main?application=axeAPI)","Page Content","html","www.ozthecarpenter.co.uk/.netlify/images?url=/Boxing-in/PXL_20230918_130146047.MP.jpg&w=1600&q=82","Review WCAG guidance"
"1.3.1","Document should have one main landmark (https://dequeuniversity.com/rules/axe/4.2/landmark-one-main?application=axeAPI)","Perceivable","M","Document should have one main landmark (https://dequeuniversity.com/rules/axe/4.2/landmark-one-main?application=axeAPI)","Page Content","html","www.ozthecarpenter.co.uk/.netlify/images?url=/Boxing-in/PXL_20250821_153015261.MP.jpg&w=1600&q=82","Review WCAG guidance"
"1.3.1","Document should have one main landmark (https://dequeuniversity.com/rules/axe/4.2/landmark-one-main?application=axeAPI)","Perceivable","M","Document should have one main landmark (https://dequeuniversity.com/rules/axe/4.2/landmark-one-main?application=axeAPI)","Page Content","html","www.ozthecarpenter.co.uk/.netlify/images?url=/Garden-projects/20181220_154441.jpg&w=1600&q=82","Review WCAG guidance"
"1.3.1","Document should have one main landmark (https://dequeuniversity.com/rules/axe/4.2/landmark-one-main?application=axeAPI)","Perceivable","M","Document should have one main landmark (https://dequeuniversity.com/rules/axe/4.2/landmark-one-main?application=axeAPI)","Page Content","html","www.ozthecarpenter.co.uk/.netlify/images?url=/Garden-projects/20181220_154530.jpg&w=1600&q=82","Review WCAG guidance"
"1.3.1","Document should have one main landmark (https://dequeuniversity.com/rules/axe/4.2/landmark-one-main?application=axeAPI)","Perceivable","M","Document should have one main landmark (https://dequeuniversity.com/rules/axe/4.2/landmark-one-main?application=axeAPI)","Page Content","html","www.ozthecarpenter.co.uk/.netlify/images?url=/Garden-projects/20200314_095319.jpg&w=1600&q=82","Review WCAG guidance"
"1.3.1","Document should have one main landmark (https://dequeuniversity.com/rules/axe/4.2/landmark-one-main?application=axeAPI)","Perceivable","M","Document should have one main landmark (https://dequeuniversity.com/rules/axe/4.2/landmark-one-main?application=axeAPI)","Page Content","html","www.ozthecarpenter.co.uk/.netlify/images?url=/Garden-projects/20200314_095332.jpg&w=1600&q=82","Review WCAG guidance"
"1.3.1","Document should have one main landmark (https://dequeuniversity.com/rules/axe/4.2/landmark-one-main?application=axeAPI)","Perceivable","M","Document should have one main landmark (https://dequeuniversity.com/rules/axe/4.2/landmark-one-main?application=axeAPI)","Page Content","html","www.ozthecarpenter.co.uk/.netlify/images?url=/Garden-projects/PXL_20210609_144532836.jpg&w=1600&q=82","Review WCAG guidance"
"1.3.1","Document should have one main landmark (https://dequeuniversity.com/rules/axe/4.2/landmark-one-main?application=axeAPI)","Perceivable","M","Document should have one main landmark (https://dequeuniversity.com/rules/axe/4.2/landmark-one-main?application=axeAPI)","Page Content","html","www.ozthecarpenter.co.uk/.netlify/images?url=/Garden-projects/PXL_20211120_114215395.MP.jpg&w=1600&q=82","Review WCAG guidance"
"1.3.1","Document should have one main landmark (https://dequeuniversity.com/rules/axe/4.2/landmark-one-main?application=axeAPI)","Perceivable","M","Document should have one main landmark (https://dequeuniversity.com/rules/axe/4.2/landmark-one-main?application=axeAPI)","Page Content","html","www.ozthecarpenter.co.uk/.netlify/images?url=/Other-projects/PXL_20250630_164505094.jpg&w=1600&q=82","Review WCAG guidance"
"1.3.1","Document should have one main landmark (https://dequeuniversity.com/rules/axe/4.2/landmark-one-main?application=axeAPI)","Perceivable","M","Document should have one main landmark (https://dequeuniversity.com/rules/axe/4.2/landmark-one-main?application=axeAPI)","Page Content","html","www.ozthecarpenter.co.uk/.netlify/images?url=/Other-projects/20191007_165342.jpg&w=1600&q=82","Review WCAG guidance"
"1.3.1","Document should have one main landmark (https://dequeuniversity.com/rules/axe/4.2/landmark-one-main?application=axeAPI)","Perceivable","M","Document should have one main landmark (https://dequeuniversity.com/rules/axe/4.2/landmark-one-main?application=axeAPI)","Page Content","html","www.ozthecarpenter.co.uk/.netlify/images?url=/Other-projects/IMG_20200929_170029.jpg&w=1600&q=82","Review WCAG guidance"
"1.3.1","Document should have one main landmark (https://dequeuniversity.com/rules/axe/4.2/landmark-one-main?application=axeAPI)","Perceivable","M","Document should have one main landmark (https://dequeuniversity.com/rules/axe/4.2/landmark-one-main?application=axeAPI)","Page Content","html","www.ozthecarpenter.co.uk/.netlify/images?url=/Other-projects/PXL_20201027_164059932.jpg&w=1600&q=82","Review WCAG guidance"
"1.3.1","Document should have one main landmark (https://dequeuniversity.com/rules/axe/4.2/landmark-one-main?application=axeAPI)","Perceivable","M","Document should have one main landmark (https://dequeuniversity.com/rules/axe/4.2/landmark-one-main?application=axeAPI)","Page Content","html","www.ozthecarpenter.co.uk/.netlify/images?url=/Other-projects/PXL_20210504_130758289.jpg&w=1600&q=82","Review WCAG guidance"
"1.3.1","Document should have one main landmark (https://dequeuniversity.com/rules/axe/4.2/landmark-one-main?application=axeAPI)","Perceivable","M","Document should have one main landmark (https://dequeuniversity.com/rules/axe/4.2/landmark-one-main?application=axeAPI)","Page Content","html","www.ozthecarpenter.co.uk/.netlify/images?url=/Other-projects/PXL_20210504_131015613.jpg&w=1600&q=82","Review WCAG guidance"
"1.3.1","Document should have one main landmark (https://dequeuniversity.com/rules/axe/4.2/landmark-one-main?application=axeAPI)","Perceivable","M","Document should have one main landmark (https://dequeuniversity.com/rules/axe/4.2/landmark-one-main?application=axeAPI)","Page Content","html","www.ozthecarpenter.co.uk/.netlify/images?url=/Other-projects/PXL_20210519_140501923.jpg&w=1600&q=82","Review WCAG guidance"
"1.3.1","Document should have one main landmark (https://dequeuniversity.com/rules/axe/4.2/landmark-one-main?application=axeAPI)","Perceivable","M","Document should have one main landmark (https://dequeuniversity.com/rules/axe/4.2/landmark-one-main?application=axeAPI)","Page Content","html","www.ozthecarpenter.co.uk/.netlify/images?url=/Other-projects/PXL_20211013_142934644.jpg&w=1600&q=82","Review WCAG guidance"
"1.3.1","Document should have one main landmark (https://dequeuniversity.com/rules/axe/4.2/landmark-one-main?application=axeAPI)","Perceivable","M","Document should have one main landmark (https://dequeuniversity.com/rules/axe/4.2/landmark-one-main?application=axeAPI)","Page Content","html","www.ozthecarpenter.co.uk/.netlify/images?url=/Other-projects/PXL_20211015_102614618.jpg&w=1600&q=82","Review WCAG guidance"
"1.3.1","Document should have one main landmark (https://dequeuniversity.com/rules/axe/4.2/landmark-one-main?application=axeAPI)","Perceivable","M","Document should have one main landmark (https://dequeuniversity.com/rules/axe/4.2/landmark-one-main?application=axeAPI)","Page Content","html","www.ozthecarpenter.co.uk/.netlify/images?url=/Other-projects/PXL_20211129_180340356.MP.jpg&w=1600&q=82","Review WCAG guidance"
"1.3.1","Document should have one main landmark (https://dequeuniversity.com/rules/axe/4.2/landmark-one-main?application=axeAPI)","Perceivable","M","Document should have one main landmark (https://dequeuniversity.com/rules/axe/4.2/landmark-one-main?application=axeAPI)","Page Content","html","www.ozthecarpenter.co.uk/.netlify/images?url=/Other-projects/PXL_20220107_170540364.MP.jpg&w=1600&q=82","Review WCAG guidance"
"1.3.1","Document should have one main landmark (https://dequeuniversity.com/rules/axe/4.2/landmark-one-main?application=axeAPI)","Perceivable","M","Document should have one main landmark (https://dequeuniversity.com/rules/axe/4.2/landmark-one-main?application=axeAPI)","Page Content","html","www.ozthecarpenter.co.uk/.netlify/images?url=/Other-projects/PXL_20220221_153612257._exported_1948_1646478207523.jpg&w=1600&q=82","Review WCAG guidance"
"1.3.1","Document should have one main landmark (https://dequeuniversity.com/rules/axe/4.2/landmark-one-main?application=axeAPI)","Perceivable","M","Document should have one main landmark (https://dequeuniversity.com/rules/axe/4.2/landmark-one-main?application=axeAPI)","Page Content","html","www.ozthecarpenter.co.uk/.netlify/images?url=/Other-projects/PXL_20221124_151340587.MP.jpg&w=1600&q=82","Review WCAG guidance"
"1.3.1","Document should have one main landmark (https://dequeuniversity.com/rules/axe/4.2/landmark-one-main?application=axeAPI)","Perceivable","M","Document should have one main landmark (https://dequeuniversity.com/rules/axe/4.2/landmark-one-main?application=axeAPI)","Page Content","html","www.ozthecarpenter.co.uk/.netlify/images?url=/Other-projects/PXL_20230111_143409496.MP.jpg&w=1600&q=82","Review WCAG guidance"
"1.3.1","Document should have one main landmark (https://dequeuniversity.com/rules/axe/4.2/landmark-one-main?application=axeAPI)","Perceivable","M","Document should have one main landmark (https://dequeuniversity.com/rules/axe/4.2/landmark-one-main?application=axeAPI)","Page Content","html","www.ozthecarpenter.co.uk/.netlify/images?url=/Other-projects/PXL_20230117_154239925.MP.jpg&w=1600&q=82","Review WCAG guidance"
"1.3.1","Document should have one main landmark (https://dequeuniversity.com/rules/axe/4.2/landmark-one-main?application=axeAPI)","Perceivable","M","Document should have one main landmark (https://dequeuniversity.com/rules/axe/4.2/landmark-one-main?application=axeAPI)","Page Content","html","www.ozthecarpenter.co.uk/.netlify/images?url=/Other-projects/PXL_20240213_192156261.MP.jpg&w=1600&q=82","Review WCAG guidance"
"1.3.1","Document should have one main landmark (https://dequeuniversity.com/rules/axe/4.2/landmark-one-main?application=axeAPI)","Perceivable","M","Document should have one main landmark (https://dequeuniversity.com/rules/axe/4.2/landmark-one-main?application=axeAPI)","Page Content","html","www.ozthecarpenter.co.uk/.netlify/images?url=/Other-projects/PXL_20240829_114130630.MP.jpg&w=1600&q=82","Review WCAG guidance"
"1.3.1","Document should have one main landmark (https://dequeuniversity.com/rules/axe/4.2/landmark-one-main?application=axeAPI)","Perceivable","M","Document should have one main landmark (https://dequeuniversity.com/rules/axe/4.2/landmark-one-main?application=axeAPI)","Page Content","html","www.ozthecarpenter.co.uk/.netlify/images?url=/Other-projects/PXL_20250113_162524392.MP.jpg&w=1600&q=82","Review WCAG guidance"
"1.4.3","Elements must have sufficient color contrast (https://dequeuniversity.com/rules/axe/4.2/color-contrast?application=axeAPI)","Perceivable","H","Elements must have sufficient color contrast (https://dequeuniversity.com/rules/axe/4.2/color-contrast?application=axeAPI)","Navigation","html > body > nav > ul > li:nth-child(1) > a","www.ozthecarpenter.co.uk/","Increase contrast to 4.5:1 minimum"
"1.4.3","Elements must have sufficient color contrast (https://dequeuniversity.com/rules/axe/4.2/color-contrast?application=axeAPI)","Perceivable","H","Elements must have sufficient color contrast (https://dequeuniversity.com/rules/axe/4.2/color-contrast?application=axeAPI)","Navigation","html > body > nav > ul > li:nth-child(2) > a","www.ozthecarpenter.co.uk/","Increase contrast to 4.5:1 minimum"
"1.4.3","Elements must have sufficient color contrast (https://dequeuniversity.com/rules/axe/4.2/color-contrast?application=axeAPI)","Perceivable","H","Elements must have sufficient color contrast (https://dequeuniversity.com/rules/axe/4.2/color-contrast?application=axeAPI)","Navigation","html > body > nav > ul > li:nth-child(3) > a","www.ozthecarpenter.co.uk/","Increase contrast to 4.5:1 minimum"
"1.4.3","Elements must have sufficient color contrast (https://dequeuniversity.com/rules/axe/4.2/color-contrast?application=axeAPI)","Perceivable","H","Elements must have sufficient color contrast (https://dequeuniversity.com/rules/axe/4.2/color-contrast?application=axeAPI)","Navigation","html > body > nav > ul > li:nth-child(4) > a","www.ozthecarpenter.co.uk/","Increase contrast to 4.5:1 minimum"
"1.4.3","Elements must have sufficient color contrast (https://dequeuniversity.com/rules/axe/4.2/color-contrast?application=axeAPI)","Perceivable","H","Elements must have sufficient color contrast (https://dequeuniversity.com/rules/axe/4.2/color-contrast?application=axeAPI)","Navigation","html > body > nav > ul > li:nth-child(5) > a","www.ozthecarpenter.co.uk/","Increase contrast to 4.5:1 minimum"
"1.4.3","Elements must have sufficient color contrast (https://dequeuniversity.com/rules/axe/4.2/color-contrast?application=axeAPI)","Perceivable","H","Elements must have sufficient color contrast (https://dequeuniversity.com/rules/axe/4.2/color-contrast?application=axeAPI)","Link","html > body > main > div > div:nth-child(2) > div:nth-child(1) > p:nth-child(6) > a","www.ozthecarpenter.co.uk/","Increase contrast to 4.5:1 minimum"
"1.4.3","Elements must have sufficient color contrast (https://dequeuniversity.com/rules/axe/4.2/color-contrast?application=axeAPI)","Perceivable","H","Elements must have sufficient color contrast (https://dequeuniversity.com/rules/axe/4.2/color-contrast?application=axeAPI)","Footer","html > body > footer > div > div:nth-child(3) > p > a","www.ozthecarpenter.co.uk/","Increase contrast to 4.5:1 minimum"
"1.4.3","Elements must have sufficient color contrast (https://dequeuniversity.com/rules/axe/4.2/color-contrast?application=axeAPI)","Perceivable","H","Elements must have sufficient color contrast (https://dequeuniversity.com/rules/axe/4.2/color-contrast?application=axeAPI)","Link","html > body > main > div > h1","www.ozthecarpenter.co.uk/","Increase contrast to 4.5:1 minimum"
"1.4.3","Elements must have sufficient color contrast (https://dequeuniversity.com/rules/axe/4.2/color-contrast?application=axeAPI)","Perceivable","H","Elements must have sufficient color contrast (https://dequeuniversity.com/rules/axe/4.2/color-contrast?application=axeAPI)","Link","html > body > main > div > div:nth-child(2) > div:nth-child(1) > p:nth-child(1)","www.ozthecarpenter.co.uk/","Increase contrast to 4.5:1 minimum"
"1.4.3","Elements must have sufficient color contrast (https://dequeuniversity.com/rules/axe/4.2/color-contrast?application=axeAPI)","Perceivable","H","Elements must have sufficient color contrast (https://dequeuniversity.com/rules/axe/4.2/color-contrast?application=axeAPI)","Link","html > body > main > div > div:nth-child(2) > div:nth-child(1) > p:nth-child(2)","www.ozthecarpenter.co.uk/","Increase contrast to 4.5:1 minimum"
"1.4.3","Elements must have sufficient color contrast (https://dequeuniversity.com/rules/axe/4.2/color-contrast?application=axeAPI)","Perceivable","H","Elements must have sufficient color contrast (https://dequeuniversity.com/rules/axe/4.2/color-contrast?application=axeAPI)","Link","html > body > main > div > div:nth-child(2) > div:nth-child(1) > p:nth-child(2) > a","www.ozthecarpenter.co.uk/","Increase contrast to 4.5:1 minimum"
"1.4.3","Elements must have sufficient color contrast (https://dequeuniversity.com/rules/axe/4.2/color-contrast?application=axeAPI)","Perceivable","H","Elements must have sufficient color contrast (https://dequeuniversity.com/rules/axe/4.2/color-contrast?application=axeAPI)","Link","html > body > main > div > div:nth-child(2) > div:nth-child(1) > p:nth-child(3)","www.ozthecarpenter.co.uk/","Increase contrast to 4.5:1 minimum"
"1.4.3","Elements must have sufficient color contrast (https://dequeuniversity.com/rules/axe/4.2/color-contrast?application=axeAPI)","Perceivable","H","Elements must have sufficient color contrast (https://dequeuniversity.com/rules/axe/4.2/color-contrast?application=axeAPI)","Link","html > body > main > div > div:nth-child(2) > div:nth-child(1) > p:nth-child(4)","www.ozthecarpenter.co.uk/","Increase contrast to 4.5:1 minimum"
"1.4.3","Elements must have sufficient color contrast (https://dequeuniversity.com/rules/axe/4.2/color-contrast?application=axeAPI)","Perceivable","H","Elements must have sufficient color contrast (https://dequeuniversity.com/rules/axe/4.2/color-contrast?application=axeAPI)","Link","html > body > main > div > div:nth-child(2) > div:nth-child(1) > p:nth-child(4) > a","www.ozthecarpenter.co.uk/","Increase contrast to 4.5:1 minimum"
"1.4.3","Elements must have sufficient color contrast (https://dequeuniversity.com/rules/axe/4.2/color-contrast?application=axeAPI)","Perceivable","H","Elements must have sufficient color contrast (https://dequeuniversity.com/rules/axe/4.2/color-contrast?application=axeAPI)","Link","html > body > main > div > div:nth-child(2) > div:nth-child(1) > p:nth-child(5)","www.ozthecarpenter.co.uk/","Increase contrast to 4.5:1 minimum"
"1.4.3","Elements must have sufficient color contrast (https://dequeuniversity.com/rules/axe/4.2/color-contrast?application=axeAPI)","Perceivable","H","Elements must have sufficient color contrast (https://dequeuniversity.com/rules/axe/4.2/color-contrast?application=axeAPI)","Link","html > body > main > div > div:nth-child(2) > div:nth-child(1) > p:nth-child(5) > strong","www.ozthecarpenter.co.uk/","Increase contrast to 4.5:1 minimum"
"1.4.3","Elements must have sufficient color contrast (https://dequeuniversity.com/rules/axe/4.2/color-contrast?application=axeAPI)","Perceivable","H","Elements must have sufficient color contrast (https://dequeuniversity.com/rules/axe/4.2/color-contrast?application=axeAPI)","Link","html > body > main > div > div:nth-child(2) > div:nth-child(1) > p:nth-child(7)","www.ozthecarpenter.co.uk/","Increase contrast to 4.5:1 minimum"
"1.4.3","Elements must have sufficient color contrast (https://dequeuniversity.com/rules/axe/4.2/color-contrast?application=axeAPI)","Perceivable","H","Elements must have sufficient color contrast (https://dequeuniversity.com/rules/axe/4.2/color-contrast?application=axeAPI)","Link","html > body > main > div > div:nth-child(2) > div:nth-child(1) > p:nth-child(8)","www.ozthecarpenter.co.uk/","Increase contrast to 4.5:1 minimum"
"1.4.3","Elements must have sufficient color contrast (https://dequeuniversity.com/rules/axe/4.2/color-contrast?application=axeAPI)","Perceivable","H","Elements must have sufficient color contrast (https://dequeuniversity.com/rules/axe/4.2/color-contrast?application=axeAPI)","Link","html > body > main > div > div:nth-child(3) > p:nth-child(1)","www.ozthecarpenter.co.uk/","Increase contrast to 4.5:1 minimum"
"1.4.3","Elements must have sufficient color contrast (https://dequeuniversity.com/rules/axe/4.2/color-contrast?application=axeAPI)","Perceivable","H","Elements must have sufficient color contrast (https://dequeuniversity.com/rules/axe/4.2/color-contrast?application=axeAPI)","Link","html > body > main > div > div:nth-child(3) > p:nth-child(2)","www.ozthecarpenter.co.uk/","Increase contrast to 4.5:1 minimum"
"1.4.3","Elements must have sufficient color contrast (https://dequeuniversity.com/rules/axe/4.2/color-contrast?application=axeAPI)","Perceivable","H","Elements must have sufficient color contrast (https://dequeuniversity.com/rules/axe/4.2/color-contrast?application=axeAPI)","Navigation","html > body > nav > ul > li:nth-child(1) > a","www.ozthecarpenter.co.uk/meet","Increase contrast to 4.5:1 minimum"
"1.4.3","Elements must have sufficient color contrast (https://dequeuniversity.com/rules/axe/4.2/color-contrast?application=axeAPI)","Perceivable","H","Elements must have sufficient color contrast (https://dequeuniversity.com/rules/axe/4.2/color-contrast?application=axeAPI)","Navigation","html > body > nav > ul > li:nth-child(2) > a","www.ozthecarpenter.co.uk/meet","Increase contrast to 4.5:1 minimum"
"1.4.3","Elements must have sufficient color contrast (https://dequeuniversity.com/rules/axe/4.2/color-contrast?application=axeAPI)","Perceivable","H","Elements must have sufficient color contrast (https://dequeuniversity.com/rules/axe/4.2/color-contrast?application=axeAPI)","Navigation","html > body > nav > ul > li:nth-child(3) > a","www.ozthecarpenter.co.uk/meet","Increase contrast to 4.5:1 minimum"
"1.4.3","Elements must have sufficient color contrast (https://dequeuniversity.com/rules/axe/4.2/color-contrast?application=axeAPI)","Perceivable","H","Elements must have sufficient color contrast (https://dequeuniversity.com/rules/axe/4.2/color-contrast?application=axeAPI)","Navigation","html > body > nav > ul > li:nth-child(4) > a","www.ozthecarpenter.co.uk/meet","Increase contrast to 4.5:1 minimum"
"1.4.3","Elements must have sufficient color contrast (https://dequeuniversity.com/rules/axe/4.2/color-contrast?application=axeAPI)","Perceivable","H","Elements must have sufficient color contrast (https://dequeuniversity.com/rules/axe/4.2/color-contrast?application=axeAPI)","Navigation","html > body > nav > ul > li:nth-child(5) > a","www.ozthecarpenter.co.uk/meet","Increase contrast to 4.5:1 minimum"
"1.4.3","Elements must have sufficient color contrast (https://dequeuniversity.com/rules/axe/4.2/color-contrast?application=axeAPI)","Perceivable","H","Elements must have sufficient color contrast (https://dequeuniversity.com/rules/axe/4.2/color-contrast?application=axeAPI)","Footer","html > body > footer > div > div:nth-child(3) > p > a","www.ozthecarpenter.co.uk/meet","Increase contrast to 4.5:1 minimum"
"1.4.3","Elements must have sufficient color contrast (https://dequeuniversity.com/rules/axe/4.2/color-contrast?application=axeAPI)","Perceivable","H","Elements must have sufficient color contrast (https://dequeuniversity.com/rules/axe/4.2/color-contrast?application=axeAPI)","Link","html > body > main > div > h1","www.ozthecarpenter.co.uk/meet","Increase contrast to 4.5:1 minimum"
"1.4.3","Elements must have sufficient color contrast (https://dequeuniversity.com/rules/axe/4.2/color-contrast?application=axeAPI)","Perceivable","H","Elements must have sufficient color contrast (https://dequeuniversity.com/rules/axe/4.2/color-contrast?application=axeAPI)","Link","html > body > main > div > p:nth-child(3)","www.ozthecarpenter.co.uk/meet","Increase contrast to 4.5:1 minimum"
"1.4.3","Elements must have sufficient color contrast (https://dequeuniversity.com/rules/axe/4.2/color-contrast?application=axeAPI)","Perceivable","H","Elements must have sufficient color contrast (https://dequeuniversity.com/rules/axe/4.2/color-contrast?application=axeAPI)","Link","html > body > main > div > p:nth-child(4)","www.ozthecarpenter.co.uk/meet","Increase contrast to 4.5:1 minimum"
"1.4.3","Elements must have sufficient color contrast (https://dequeuniversity.com/rules/axe/4.2/color-contrast?application=axeAPI)","Perceivable","H","Elements must have sufficient color contrast (https://dequeuniversity.com/rules/axe/4.2/color-contrast?application=axeAPI)","Link","html > body > main > div > p:nth-child(5)","www.ozthecarpenter.co.uk/meet","Increase contrast to 4.5:1 minimum"
"1.4.3","Elements must have sufficient color contrast (https://dequeuniversity.com/rules/axe/4.2/color-contrast?application=axeAPI)","Perceivable","H","Elements must have sufficient color contrast (https://dequeuniversity.com/rules/axe/4.2/color-contrast?application=axeAPI)","Link","html > body > main > div > p:nth-child(6)","www.ozthecarpenter.co.uk/meet","Increase contrast to 4.5:1 minimum"
"1.4.3","Elements must have sufficient color contrast (https://dequeuniversity.com/rules/axe/4.2/color-contrast?application=axeAPI)","Perceivable","H","Elements must have sufficient color contrast (https://dequeuniversity.com/rules/axe/4.2/color-contrast?application=axeAPI)","Link","html > body > main > div > p:nth-child(7)","www.ozthecarpenter.co.uk/meet","Increase contrast to 4.5:1 minimum"
"1.4.3","Elements must have sufficient color contrast (https://dequeuniversity.com/rules/axe/4.2/color-contrast?application=axeAPI)","Perceivable","H","Elements must have sufficient color contrast (https://dequeuniversity.com/rules/axe/4.2/color-contrast?application=axeAPI)","Link","html > body > main > div > p:nth-child(8)","www.ozthecarpenter.co.uk/meet","Increase contrast to 4.5:1 minimum"
"1.4.3","Elements must have sufficient color contrast (https://dequeuniversity.com/rules/axe/4.2/color-contrast?application=axeAPI)","Perceivable","H","Elements must have sufficient color contrast (https://dequeuniversity.com/rules/axe/4.2/color-contrast?application=axeAPI)","Link","html > body > main > div > p:nth-child(9)","www.ozthecarpenter.co.uk/meet","Increase contrast to 4.5:1 minimum"
"1.4.3","Elements must have sufficient color contrast (https://dequeuniversity.com/rules/axe/4.2/color-contrast?application=axeAPI)","Perceivable","H","Elements must have sufficient color contrast (https://dequeuniversity.com/rules/axe/4.2/color-contrast?application=axeAPI)","Link","html > body > main > div > p:nth-child(10)","www.ozthecarpenter.co.uk/meet","Increase contrast to 4.5:1 minimum"
"1.4.3","Elements must have sufficient color contrast (https://dequeuniversity.com/rules/axe/4.2/color-contrast?application=axeAPI)","Perceivable","H","Elements must have sufficient color contrast (https://dequeuniversity.com/rules/axe/4.2/color-contrast?application=axeAPI)","Link","html > body > main > div > div > h2","www.ozthecarpenter.co.uk/meet","Increase contrast to 4.5:1 minimum"
"1.4.3","Elements must have sufficient color contrast (https://dequeuniversity.com/rules/axe/4.2/color-contrast?application=axeAPI)","Perceivable","H","Elements must have sufficient color contrast (https://dequeuniversity.com/rules/axe/4.2/color-contrast?application=axeAPI)","Link","html > body > main > div > div > p:nth-child(2)","www.ozthecarpenter.co.uk/meet","Increase contrast to 4.5:1 minimum"
"1.4.3","Elements must have sufficient color contrast (https://dequeuniversity.com/rules/axe/4.2/color-contrast?application=axeAPI)","Perceivable","H","Elements must have sufficient color contrast (https://dequeuniversity.com/rules/axe/4.2/color-contrast?application=axeAPI)","Link","html > body > main > div > div > p:nth-child(3)","www.ozthecarpenter.co.uk/meet","Increase contrast to 4.5:1 minimum"
"1.4.3","Elements must have sufficient color contrast (https://dequeuniversity.com/rules/axe/4.2/color-contrast?application=axeAPI)","Perceivable","H","Elements must have sufficient color contrast (https://dequeuniversity.com/rules/axe/4.2/color-contrast?application=axeAPI)","Link","html > body > main > div > div > p:nth-child(4)","www.ozthecarpenter.co.uk/meet","Increase contrast to 4.5:1 minimum"
"1.4.3","Elements must have sufficient color contrast (https://dequeuniversity.com/rules/axe/4.2/color-contrast?application=axeAPI)","Perceivable","H","Elements must have sufficient color contrast (https://dequeuniversity.com/rules/axe/4.2/color-contrast?application=axeAPI)","Link","html > body > main > div > div > p:nth-child(5)","www.ozthecarpenter.co.uk/meet","Increase contrast to 4.5:1 minimum"
"1.4.3","Elements must have sufficient color contrast (https://dequeuniversity.com/rules/axe/4.2/color-contrast?application=axeAPI)","Perceivable","H","Elements must have sufficient color contrast (https://dequeuniversity.com/rules/axe/4.2/color-contrast?application=axeAPI)","Navigation","html > body > nav > ul > li:nth-child(1) > a","www.ozthecarpenter.co.uk/cando","Increase contrast to 4.5:1 minimum"
"1.4.3","Elements must have sufficient color contrast (https://dequeuniversity.com/rules/axe/4.2/color-contrast?application=axeAPI)","Perceivable","H","Elements must have sufficient color contrast (https://dequeuniversity.com/rules/axe/4.2/color-contrast?application=axeAPI)","Navigation","html > body > nav > ul > li:nth-child(2) > a","www.ozthecarpenter.co.uk/cando","Increase contrast to 4.5:1 minimum"
"1.4.3","Elements must have sufficient color contrast (https://dequeuniversity.com/rules/axe/4.2/color-contrast?application=axeAPI)","Perceivable","H","Elements must have sufficient color contrast (https://dequeuniversity.com/rules/axe/4.2/color-contrast?application=axeAPI)","Navigation","html > body > nav > ul > li:nth-child(3) > a","www.ozthecarpenter.co.uk/cando","Increase contrast to 4.5:1 minimum"
"1.4.3","Elements must have sufficient color contrast (https://dequeuniversity.com/rules/axe/4.2/color-contrast?application=axeAPI)","Perceivable","H","Elements must have sufficient color contrast (https://dequeuniversity.com/rules/axe/4.2/color-contrast?application=axeAPI)","Navigation","html > body > nav > ul > li:nth-child(4) > a","www.ozthecarpenter.co.uk/cando","Increase contrast to 4.5:1 minimum"
"1.4.3","Elements must have sufficient color contrast (https://dequeuniversity.com/rules/axe/4.2/color-contrast?application=axeAPI)","Perceivable","H","Elements must have sufficient color contrast (https://dequeuniversity.com/rules/axe/4.2/color-contrast?application=axeAPI)","Navigation","html > body > nav > ul > li:nth-child(5) > a","www.ozthecarpenter.co.uk/cando","Increase contrast to 4.5:1 minimum"
"1.4.3","Elements must have sufficient color contrast (https://dequeuniversity.com/rules/axe/4.2/color-contrast?application=axeAPI)","Perceivable","H","Elements must have sufficient color contrast (https://dequeuniversity.com/rules/axe/4.2/color-contrast?application=axeAPI)","Footer","html > body > footer > div > div:nth-child(3) > p > a","www.ozthecarpenter.co.uk/cando","Increase contrast to 4.5:1 minimum"
"1.4.3","Elements must have sufficient color contrast (https://dequeuniversity.com/rules/axe/4.2/color-contrast?application=axeAPI)","Perceivable","H","Elements must have sufficient color contrast (https://dequeuniversity.com/rules/axe/4.2/color-contrast?application=axeAPI)","Link","html > body > main > div > h1","www.ozthecarpenter.co.uk/cando","Increase contrast to 4.5:1 minimum"
"1.4.3","Elements must have sufficient color contrast (https://dequeuniversity.com/rules/axe/4.2/color-contrast?application=axeAPI)","Perceivable","H","Elements must have sufficient color contrast (https://dequeuniversity.com/rules/axe/4.2/color-contrast?application=axeAPI)","Link","html > body > main > div > div:nth-child(3) > div:nth-child(1) > a","www.ozthecarpenter.co.uk/cando","Increase contrast to 4.5:1 minimum"
"1.4.3","Elements must have sufficient color contrast (https://dequeuniversity.com/rules/axe/4.2/color-contrast?application=axeAPI)","Perceivable","H","Elements must have sufficient color contrast (https://dequeuniversity.com/rules/axe/4.2/color-contrast?application=axeAPI)","Link","html > body > main > div > div:nth-child(3) > div:nth-child(2) > a","www.ozthecarpenter.co.uk/cando","Increase contrast to 4.5:1 minimum"
"1.4.3","Elements must have sufficient color contrast (https://dequeuniversity.com/rules/axe/4.2/color-contrast?application=axeAPI)","Perceivable","H","Elements must have sufficient color contrast (https://dequeuniversity.com/rules/axe/4.2/color-contrast?application=axeAPI)","Link","html > body > main > div > div:nth-child(3) > div:nth-child(3) > a","www.ozthecarpenter.co.uk/cando","Increase contrast to 4.5:1 minimum"
"1.4.3","Elements must have sufficient color contrast (https://dequeuniversity.com/rules/axe/4.2/color-contrast?application=axeAPI)","Perceivable","H","Elements must have sufficient color contrast (https://dequeuniversity.com/rules/axe/4.2/color-contrast?application=axeAPI)","Link","html > body > main > div > div:nth-child(3) > div:nth-child(4) > a","www.ozthecarpenter.co.uk/cando","Increase contrast to 4.5:1 minimum"
"1.4.3","Elements must have sufficient color contrast (https://dequeuniversity.com/rules/axe/4.2/color-contrast?application=axeAPI)","Perceivable","H","Elements must have sufficient color contrast (https://dequeuniversity.com/rules/axe/4.2/color-contrast?application=axeAPI)","Link","html > body > main > div > div:nth-child(3) > div:nth-child(5) > a","www.ozthecarpenter.co.uk/cando","Increase contrast to 4.5:1 minimum"
"1.4.3","Elements must have sufficient color contrast (https://dequeuniversity.com/rules/axe/4.2/color-contrast?application=axeAPI)","Perceivable","H","Elements must have sufficient color contrast (https://dequeuniversity.com/rules/axe/4.2/color-contrast?application=axeAPI)","Link","html > body > main > div > div:nth-child(3) > div:nth-child(6) > a","www.ozthecarpenter.co.uk/cando","Increase contrast to 4.5:1 minimum"
"1.4.3","Elements must have sufficient color contrast (https://dequeuniversity.com/rules/axe/4.2/color-contrast?application=axeAPI)","Perceivable","H","Elements must have sufficient color contrast (https://dequeuniversity.com/rules/axe/4.2/color-contrast?application=axeAPI)","Link","html > body > main > div > div:nth-child(3) > div:nth-child(7)","www.ozthecarpenter.co.uk/cando","Increase contrast to 4.5:1 minimum"
"1.4.3","Elements must have sufficient color contrast (https://dequeuniversity.com/rules/axe/4.2/color-contrast?application=axeAPI)","Perceivable","H","Elements must have sufficient color contrast (https://dequeuniversity.com/rules/axe/4.2/color-contrast?application=axeAPI)","Link","html > body > main > div > div:nth-child(3) > div:nth-child(8) > a","www.ozthecarpenter.co.uk/cando","Increase contrast to 4.5:1 minimum"
"1.4.3","Elements must have sufficient color contrast (https://dequeuniversity.com/rules/axe/4.2/color-contrast?application=axeAPI)","Perceivable","H","Elements must have sufficient color contrast (https://dequeuniversity.com/rules/axe/4.2/color-contrast?application=axeAPI)","Link","html > body > main > div > div:nth-child(4) > h2","www.ozthecarpenter.co.uk/cando","Increase contrast to 4.5:1 minimum"
"1.4.3","Elements must have sufficient color contrast (https://dequeuniversity.com/rules/axe/4.2/color-contrast?application=axeAPI)","Perceivable","H","Elements must have sufficient color contrast (https://dequeuniversity.com/rules/axe/4.2/color-contrast?application=axeAPI)","Link","html > body > main > div > div:nth-child(4) > div > div:nth-child(1)","www.ozthecarpenter.co.uk/cando","Increase contrast to 4.5:1 minimum"
"1.4.3","Elements must have sufficient color contrast (https://dequeuniversity.com/rules/axe/4.2/color-contrast?application=axeAPI)","Perceivable","H","Elements must have sufficient color contrast (https://dequeuniversity.com/rules/axe/4.2/color-contrast?application=axeAPI)","Link","html > body > main > div > div:nth-child(4) > div > div:nth-child(2)","www.ozthecarpenter.co.uk/cando","Increase contrast to 4.5:1 minimum"
"1.4.3","Elements must have sufficient color contrast (https://dequeuniversity.com/rules/axe/4.2/color-contrast?application=axeAPI)","Perceivable","H","Elements must have sufficient color contrast (https://dequeuniversity.com/rules/axe/4.2/color-contrast?application=axeAPI)","Link","html > body > main > div > div:nth-child(4) > div > div:nth-child(3)","www.ozthecarpenter.co.uk/cando","Increase contrast to 4.5:1 minimum"
"1.4.3","Elements must have sufficient color contrast (https://dequeuniversity.com/rules/axe/4.2/color-contrast?application=axeAPI)","Perceivable","H","Elements must have sufficient color contrast (https://dequeuniversity.com/rules/axe/4.2/color-contrast?application=axeAPI)","Link","html > body > main > div > div:nth-child(4) > div > div:nth-child(4)","www.ozthecarpenter.co.uk/cando","Increase contrast to 4.5:1 minimum"
"1.4.3","Elements must have sufficient color contrast (https://dequeuniversity.com/rules/axe/4.2/color-contrast?application=axeAPI)","Perceivable","H","Elements must have sufficient color contrast (https://dequeuniversity.com/rules/axe/4.2/color-contrast?application=axeAPI)","Link","html > body > main > div > div:nth-child(4) > div > div:nth-child(5)","www.ozthecarpenter.co.uk/cando","Increase contrast to 4.5:1 minimum"
"1.4.3","Elements must have sufficient color contrast (https://dequeuniversity.com/rules/axe/4.2/color-contrast?application=axeAPI)","Perceivable","H","Elements must have sufficient color contrast (https://dequeuniversity.com/rules/axe/4.2/color-contrast?application=axeAPI)","Link","html > body > main > div > div:nth-child(4) > div > div:nth-child(6)","www.ozthecarpenter.co.uk/cando","Increase contrast to 4.5:1 minimum"
"1.4.3","Elements must have sufficient color contrast (https://dequeuniversity.com/rules/axe/4.2/color-contrast?application=axeAPI)","Perceivable","H","Elements must have sufficient color contrast (https://dequeuniversity.com/rules/axe/4.2/color-contrast?application=axeAPI)","Link","html > body > main > div > div:nth-child(4) > div > div:nth-child(7)","www.ozthecarpenter.co.uk/cando","Increase contrast to 4.5:1 minimum"
"1.4.3","Elements must have sufficient color contrast (https://dequeuniversity.com/rules/axe/4.2/color-contrast?application=axeAPI)","Perceivable","H","Elements must have sufficient color contrast (https://dequeuniversity.com/rules/axe/4.2/color-contrast?application=axeAPI)","Link","html > body > main > div > div:nth-child(4) > div > div:nth-child(8)","www.ozthecarpenter.co.uk/cando","Increase contrast to 4.5:1 minimum"
"1.4.3","Elements must have sufficient color contrast (https://dequeuniversity.com/rules/axe/4.2/color-contrast?application=axeAPI)","Perceivable","H","Elements must have sufficient color contrast (https://dequeuniversity.com/rules/axe/4.2/color-contrast?application=axeAPI)","Link","html > body > main > div > div:nth-child(4) > div > div:nth-child(9)","www.ozthecarpenter.co.uk/cando","Increase contrast to 4.5:1 minimum"
"1.4.3","Elements must have sufficient color contrast (https://dequeuniversity.com/rules/axe/4.2/color-contrast?application=axeAPI)","Perceivable","H","Elements must have sufficient color contrast (https://dequeuniversity.com/rules/axe/4.2/color-contrast?application=axeAPI)","Navigation","html > body > nav > ul > li:nth-child(1) > a","www.ozthecarpenter.co.uk/portfolio","Increase contrast to 4.5:1 minimum"
"1.4.3","Elements must have sufficient color contrast (https://dequeuniversity.com/rules/axe/4.2/color-contrast?application=axeAPI)","Perceivable","H","Elements must have sufficient color contrast (https://dequeuniversity.com/rules/axe/4.2/color-contrast?application=axeAPI)","Navigation","html > body > nav > ul > li:nth-child(2) > a","www.ozthecarpenter.co.uk/portfolio","Increase contrast to 4.5:1 minimum"
"1.4.3","Elements must have sufficient color contrast (https://dequeuniversity.com/rules/axe/4.2/color-contrast?application=axeAPI)","Perceivable","H","Elements must have sufficient color contrast (https://dequeuniversity.com/rules/axe/4.2/color-contrast?application=axeAPI)","Navigation","html > body > nav > ul > li:nth-child(3) > a","www.ozthecarpenter.co.uk/portfolio","Increase contrast to 4.5:1 minimum"
"1.4.3","Elements must have sufficient color contrast (https://dequeuniversity.com/rules/axe/4.2/color-contrast?application=axeAPI)","Perceivable","H","Elements must have sufficient color contrast (https://dequeuniversity.com/rules/axe/4.2/color-contrast?application=axeAPI)","Navigation","html > body > nav > ul > li:nth-child(4) > a","www.ozthecarpenter.co.uk/portfolio","Increase contrast to 4.5:1 minimum"
"1.4.3","Elements must have sufficient color contrast (https://dequeuniversity.com/rules/axe/4.2/color-contrast?application=axeAPI)","Perceivable","H","Elements must have sufficient color contrast (https://dequeuniversity.com/rules/axe/4.2/color-contrast?application=axeAPI)","Navigation","html > body > nav > ul > li:nth-child(5) > a","www.ozthecarpenter.co.uk/portfolio","Increase contrast to 4.5:1 minimum"
"1.4.3","Elements must have sufficient color contrast (https://dequeuniversity.com/rules/axe/4.2/color-contrast?application=axeAPI)","Perceivable","H","Elements must have sufficient color contrast (https://dequeuniversity.com/rules/axe/4.2/color-contrast?application=axeAPI)","Footer","html > body > footer > div > div:nth-child(3) > p > a","www.ozthecarpenter.co.uk/portfolio","Increase contrast to 4.5:1 minimum"
"1.4.3","Elements must have sufficient color contrast (https://dequeuniversity.com/rules/axe/4.2/color-contrast?application=axeAPI)","Perceivable","H","Elements must have sufficient color contrast (https://dequeuniversity.com/rules/axe/4.2/color-contrast?application=axeAPI)","Link","html > body > main > div > h1","www.ozthecarpenter.co.uk/portfolio","Increase contrast to 4.5:1 minimum"
"1.4.3","Elements must have sufficient color contrast (https://dequeuniversity.com/rules/axe/4.2/color-contrast?application=axeAPI)","Perceivable","H","Elements must have sufficient color contrast (https://dequeuniversity.com/rules/axe/4.2/color-contrast?application=axeAPI)","Link","html > body > main > div > p","www.ozthecarpenter.co.uk/portfolio","Increase contrast to 4.5:1 minimum"
"1.4.3","Elements must have sufficient color contrast (https://dequeuniversity.com/rules/axe/4.2/color-contrast?application=axeAPI)","Perceivable","H","Elements must have sufficient color contrast (https://dequeuniversity.com/rules/axe/4.2/color-contrast?application=axeAPI)","Link","html > body > main > div > p > a","www.ozthecarpenter.co.uk/portfolio","Increase contrast to 4.5:1 minimum"
"1.4.3","Elements must have sufficient color contrast (https://dequeuniversity.com/rules/axe/4.2/color-contrast?application=axeAPI)","Perceivable","H","Elements must have sufficient color contrast (https://dequeuniversity.com/rules/axe/4.2/color-contrast?application=axeAPI)","Link","#alcove-shelves > h2","www.ozthecarpenter.co.uk/portfolio","Increase contrast to 4.5:1 minimum"
"1.4.3","Elements must have sufficient color contrast (https://dequeuniversity.com/rules/axe/4.2/color-contrast?application=axeAPI)","Perceivable","H","Elements must have sufficient color contrast (https://dequeuniversity.com/rules/axe/4.2/color-contrast?application=axeAPI)","Link","#small-cupboards > h2","www.ozthecarpenter.co.uk/portfolio","Increase contrast to 4.5:1 minimum"
"1.4.3","Elements must have sufficient color contrast (https://dequeuniversity.com/rules/axe/4.2/color-contrast?application=axeAPI)","Perceivable","H","Elements must have sufficient color contrast (https://dequeuniversity.com/rules/axe/4.2/color-contrast?application=axeAPI)","Link","#bench-cupboards > h2","www.ozthecarpenter.co.uk/portfolio","Increase contrast to 4.5:1 minimum"
"1.4.3","Elements must have sufficient color contrast (https://dequeuniversity.com/rules/axe/4.2/color-contrast?application=axeAPI)","Perceivable","H","Elements must have sufficient color contrast (https://dequeuniversity.com/rules/axe/4.2/color-contrast?application=axeAPI)","Page Content","#oz-shelves > h2","www.ozthecarpenter.co.uk/portfolio","Increase contrast to 4.5:1 minimum"
"1.4.3","Elements must have sufficient color contrast (https://dequeuniversity.com/rules/axe/4.2/color-contrast?application=axeAPI)","Perceivable","H","Elements must have sufficient color contrast (https://dequeuniversity.com/rules/axe/4.2/color-contrast?application=axeAPI)","Link","html > body > main > div > section:nth-child(7) > h2","www.ozthecarpenter.co.uk/portfolio","Increase contrast to 4.5:1 minimum"
"1.4.3","Elements must have sufficient color contrast (https://dequeuniversity.com/rules/axe/4.2/color-contrast?application=axeAPI)","Perceivable","H","Elements must have sufficient color contrast (https://dequeuniversity.com/rules/axe/4.2/color-contrast?application=axeAPI)","Page Content","#boxing-in > h2","www.ozthecarpenter.co.uk/portfolio","Increase contrast to 4.5:1 minimum"
"1.4.3","Elements must have sufficient color contrast (https://dequeuniversity.com/rules/axe/4.2/color-contrast?application=axeAPI)","Perceivable","H","Elements must have sufficient color contrast (https://dequeuniversity.com/rules/axe/4.2/color-contrast?application=axeAPI)","Link","#garden-projects > h2","www.ozthecarpenter.co.uk/portfolio","Increase contrast to 4.5:1 minimum"
"1.4.3","Elements must have sufficient color contrast (https://dequeuniversity.com/rules/axe/4.2/color-contrast?application=axeAPI)","Perceivable","H","Elements must have sufficient color contrast (https://dequeuniversity.com/rules/axe/4.2/color-contrast?application=axeAPI)","Page Content","#other-projects > h2","www.ozthecarpenter.co.uk/portfolio","Increase contrast to 4.5:1 minimum"
"1.4.3","Elements must have sufficient color contrast (https://dequeuniversity.com/rules/axe/4.2/color-contrast?application=axeAPI)","Perceivable","H","Elements must have sufficient color contrast (https://dequeuniversity.com/rules/axe/4.2/color-contrast?application=axeAPI)","Navigation","html > body > nav > ul > li:nth-child(1) > a","www.ozthecarpenter.co.uk/contact","Increase contrast to 4.5:1 minimum"
"1.4.3","Elements must have sufficient color contrast (https://dequeuniversity.com/rules/axe/4.2/color-contrast?application=axeAPI)","Perceivable","H","Elements must have sufficient color contrast (https://dequeuniversity.com/rules/axe/4.2/color-contrast?application=axeAPI)","Navigation","html > body > nav > ul > li:nth-child(2) > a","www.ozthecarpenter.co.uk/contact","Increase contrast to 4.5:1 minimum"
"1.4.3","Elements must have sufficient color contrast (https://dequeuniversity.com/rules/axe/4.2/color-contrast?application=axeAPI)","Perceivable","H","Elements must have sufficient color contrast (https://dequeuniversity.com/rules/axe/4.2/color-contrast?application=axeAPI)","Navigation","html > body > nav > ul > li:nth-child(3) > a","www.ozthecarpenter.co.uk/contact","Increase contrast to 4.5:1 minimum"
"1.4.3","Elements must have sufficient color contrast (https://dequeuniversity.com/rules/axe/4.2/color-contrast?application=axeAPI)","Perceivable","H","Elements must have sufficient color contrast (https://dequeuniversity.com/rules/axe/4.2/color-contrast?application=axeAPI)","Navigation","html > body > nav > ul > li:nth-child(4) > a","www.ozthecarpenter.co.uk/contact","Increase contrast to 4.5:1 minimum"
"1.4.3","Elements must have sufficient color contrast (https://dequeuniversity.com/rules/axe/4.2/color-contrast?application=axeAPI)","Perceivable","H","Elements must have sufficient color contrast (https://dequeuniversity.com/rules/axe/4.2/color-contrast?application=axeAPI)","Navigation","html > body > nav > ul > li:nth-child(5) > a","www.ozthecarpenter.co.uk/contact","Increase contrast to 4.5:1 minimum"
"1.4.3","Elements must have sufficient color contrast (https://dequeuniversity.com/rules/axe/4.2/color-contrast?application=axeAPI)","Perceivable","H","Elements must have sufficient color contrast (https://dequeuniversity.com/rules/axe/4.2/color-contrast?application=axeAPI)","Link","html > body > main > div > div:nth-child(2) > div > p:nth-child(2) > a","www.ozthecarpenter.co.uk/contact","Increase contrast to 4.5:1 minimum"
"1.4.3","Elements must have sufficient color contrast (https://dequeuniversity.com/rules/axe/4.2/color-contrast?application=axeAPI)","Perceivable","H","Elements must have sufficient color contrast (https://dequeuniversity.com/rules/axe/4.2/color-contrast?application=axeAPI)","Form","html > body > main > div > div:nth-child(3) > form > button","www.ozthecarpenter.co.uk/contact","Increase contrast to 4.5:1 minimum"
"1.4.3","Elements must have sufficient color contrast (https://dequeuniversity.com/rules/axe/4.2/color-contrast?application=axeAPI)","Perceivable","H","Elements must have sufficient color contrast (https://dequeuniversity.com/rules/axe/4.2/color-contrast?application=axeAPI)","Footer","html > body > footer > div > div:nth-child(3) > p > a","www.ozthecarpenter.co.uk/contact","Increase contrast to 4.5:1 minimum"
"1.4.3","Elements must have sufficient color contrast (https://dequeuniversity.com/rules/axe/4.2/color-contrast?application=axeAPI)","Perceivable","H","Elements must have sufficient color contrast (https://dequeuniversity.com/rules/axe/4.2/color-contrast?application=axeAPI)","Link","html > body > main > div > h1","www.ozthecarpenter.co.uk/contact","Increase contrast to 4.5:1 minimum"
"1.4.3","Elements must have sufficient color contrast (https://dequeuniversity.com/rules/axe/4.2/color-contrast?application=axeAPI)","Perceivable","H","Elements must have sufficient color contrast (https://dequeuniversity.com/rules/axe/4.2/color-contrast?application=axeAPI)","Link","html > body > main > div > div:nth-child(2) > div > p:nth-child(1)","www.ozthecarpenter.co.uk/contact","Increase contrast to 4.5:1 minimum"
"1.4.3","Elements must have sufficient color contrast (https://dequeuniversity.com/rules/axe/4.2/color-contrast?application=axeAPI)","Perceivable","H","Elements must have sufficient color contrast (https://dequeuniversity.com/rules/axe/4.2/color-contrast?application=axeAPI)","Link","html > body > main > div > div:nth-child(2) > div > p:nth-child(1) > strong","www.ozthecarpenter.co.uk/contact","Increase contrast to 4.5:1 minimum"
"1.4.3","Elements must have sufficient color contrast (https://dequeuniversity.com/rules/axe/4.2/color-contrast?application=axeAPI)","Perceivable","H","Elements must have sufficient color contrast (https://dequeuniversity.com/rules/axe/4.2/color-contrast?application=axeAPI)","Link","html > body > main > div > div:nth-child(2) > div > p:nth-child(3)","www.ozthecarpenter.co.uk/contact","Increase contrast to 4.5:1 minimum"
"1.4.3","Elements must have sufficient color contrast (https://dequeuniversity.com/rules/axe/4.2/color-contrast?application=axeAPI)","Perceivable","H","Elements must have sufficient color contrast (https://dequeuniversity.com/rules/axe/4.2/color-contrast?application=axeAPI)","Link","html > body > main > div > div:nth-child(2) > div > p:nth-child(3) > a","www.ozthecarpenter.co.uk/contact","Increase contrast to 4.5:1 minimum"
"1.4.3","Elements must have sufficient color contrast (https://dequeuniversity.com/rules/axe/4.2/color-contrast?application=axeAPI)","Perceivable","H","Elements must have sufficient color contrast (https://dequeuniversity.com/rules/axe/4.2/color-contrast?application=axeAPI)","Link","html > body > main > div > div:nth-child(3) > h2","www.ozthecarpenter.co.uk/contact","Increase contrast to 4.5:1 minimum"
"1.4.3","Elements must have sufficient color contrast (https://dequeuniversity.com/rules/axe/4.2/color-contrast?application=axeAPI)","Perceivable","H","Elements must have sufficient color contrast (https://dequeuniversity.com/rules/axe/4.2/color-contrast?application=axeAPI)","Form","html > body > main > div > div:nth-child(3) > form > div:nth-child(3) > label","www.ozthecarpenter.co.uk/contact","Increase contrast to 4.5:1 minimum"
"1.4.3","Elements must have sufficient color contrast (https://dequeuniversity.com/rules/axe/4.2/color-contrast?application=axeAPI)","Perceivable","H","Elements must have sufficient color contrast (https://dequeuniversity.com/rules/axe/4.2/color-contrast?application=axeAPI)","Form","html > body > main > div > div:nth-child(3) > form > div:nth-child(4) > label","www.ozthecarpenter.co.uk/contact","Increase contrast to 4.5:1 minimum"
"1.4.3","Elements must have sufficient color contrast (https://dequeuniversity.com/rules/axe/4.2/color-contrast?application=axeAPI)","Perceivable","H","Elements must have sufficient color contrast (https://dequeuniversity.com/rules/axe/4.2/color-contrast?application=axeAPI)","Form","html > body > main > div > div:nth-child(3) > form > div:nth-child(5) > label","www.ozthecarpenter.co.uk/contact","Increase contrast to 4.5:1 minimum"
"1.4.3","Elements must have sufficient color contrast (https://dequeuniversity.com/rules/axe/4.2/color-contrast?application=axeAPI)","Perceivable","H","Elements must have sufficient color contrast (https://dequeuniversity.com/rules/axe/4.2/color-contrast?application=axeAPI)","Form","html > body > main > div > div:nth-child(3) > form > div:nth-child(6) > label","www.ozthecarpenter.co.uk/contact","Increase contrast to 4.5:1 minimum"